id,band_gap
mp-1187377.cif,0.0
mp-1184359.cif,0.0
mp-1185236.cif,0.0
mp-1187359.cif,0.0
mp-1186357.cif,0.0
mp-1017439.cif,2.3831
mp-1206443.cif,0.0
mp-1013543.cif,0.0
mp-1016833.cif,0.0
mp-1013585.cif,0.0
mp-1185529.cif,0.0
mp-1017626.cif,6.5153
mp-1184369.cif,0.0
mp-1185488.cif,3.0274
mp-1183286.cif,0.0
mp-1187448.cif,0.0
mp-1018633.cif,0.0
mp-1186757.cif,0.0
mp-1185550.cif,0.0
mp-1185841.cif,0.0
mp-1069166.cif,0.0
mp-1013562.cif,0.1486999999999998
mp-1016932.cif,0.0
mp-1185303.cif,0.0
mp-1016883.cif,0.0
mp-1186920.cif,0.0
mp-1186220.cif,0.0
mp-1187480.cif,0.0
mp-1184945.cif,0.0
mp-1185882.cif,0.0
mp-1186747.cif,0.0
mp-10040.cif,0.0
mp-1187556.cif,0.0
mp-10113.cif,0.0
mp-1184304.cif,0.0
mp-1184953.cif,0.0
mp-1184813.cif,0.0
mp-1183414.cif,0.0
mp-1013535.cif,0.0
mp-1187364.cif,0.0
mp-1017566.cif,0.0
mp-1185084.cif,0.0
mp-1186329.cif,0.0
mp-1187535.cif,0.0
mp-1184157.cif,0.0
mp-1016928.cif,4.4298
mp-1186799.cif,0.0
mp-1187183.cif,0.0
mp-1183212.cif,0.0
mp-1013555.cif,0.4218000000000002
mp-1013643.cif,0.0
mp-1184220.cif,0.0
mp-1185552.cif,1.8627
mp-1097061.cif,4.4565
mp-1016904.cif,0.0
mp-1013712.cif,0.0
mp-1040472.cif,0.0
mp-11824.cif,0.8055999999999996
mp-1185388.cif,0.0
mp-1187190.cif,0.0
mp-1186401.cif,0.0
mp-1187226.cif,0.0
mp-1187389.cif,0.0
mp-1185545.cif,0.0
mp-1016886.cif,0.0
mp-1013550.cif,0.6583000000000001
mp-1184936.cif,0.0
mp-10373.cif,0.0
mp-1068661.cif,0.0
mp-1186395.cif,0.0
mp-1016843.cif,0.0
mp-1075921.cif,0.0
mp-1018628.cif,0.0
mp-1183562.cif,0.0
mp-1183926.cif,0.0
mp-1016828.cif,0.0
mp-1183287.cif,0.0
mp-1186756.cif,0.0
mp-1018643.cif,0.0
mp-1076706.cif,0.0
mp-1183538.cif,0.0
mp-1183712.cif,0.0
mp-1183132.cif,0.0
mp-1183277.cif,0.0
mp-1183923.cif,0.0
mp-1187781.cif,0.0
mp-1184935.cif,0.0
mp-1206343.cif,0.0
mp-1186153.cif,0.0
mp-1016929.cif,0.0
mp-1016830.cif,1.9098
mp-1016820.cif,0.8948999999999998
mp-1183139.cif,0.0
mp-1227955.cif,0.0
mp-1187578.cif,0.0
mp-10356.cif,0.0
mp-1184950.cif,0.0
mp-1017554.cif,0.0
mp-1206517.cif,0.0
mp-1017580.cif,1.2423000000000002
mp-1183284.cif,0.0
mp-1016900.cif,0.0
mp-1013710.cif,0.0
mp-1186980.cif,0.7859999999999996
mp-1018638.cif,0.0
mp-1184044.cif,0.0
mp-1013703.cif,0.0
mp-1184557.cif,0.0
mp-1099583.cif,0.0
mp-1184964.cif,0.0
mp-1185308.cif,0.0
mp-1184773.cif,0.0
mp-1186349.cif,0.0
mp-1016882.cif,0.0
mp-1187192.cif,0.0
mp-1210597.cif,0.0
mp-1076534.cif,2.0024
mp-1017447.cif,0.0
mp-1040469.cif,0.0
mp-1183449.cif,0.0
mp-1206777.cif,0.0
mp-1110854.cif,0.0
mp-1186993.cif,0.0
mp-1183934.cif,0.0
mp-10675.cif,0.0
mp-1111644.cif,0.0
mp-1016877.cif,0.0
mp-1183431.cif,0.0
mp-1183169.cif,0.0
mp-1213745.cif,0.0
mp-1186106.cif,0.0
mp-1187862.cif,0.0
mp-1097916.cif,5.3331
mp-1433326.cif,0.0
mp-1183418.cif,0.0
mp-1206994.cif,0.0
mp-1185356.cif,0.0
mp-10716.cif,0.0
mp-1206130.cif,0.0
mp-1016875.cif,0.0
mp-1186316.cif,1.6467999999999998
mp-1016872.cif,0.0
mp-1184243.cif,0.0
mp-1094085.cif,0.0
mp-1207183.cif,0.0
mp-1183929.cif,0.0
mp-1013719.cif,0.0
mp-1016927.cif,0.0
mp-1120777.cif,0.0
mp-1013704.cif,0.0
mp-1187143.cif,0.0
mp-1186118.cif,0.0
mp-1186112.cif,0.0
mp-1075933.cif,0.0
mp-1187494.cif,0.0
mp-1183134.cif,1.1346000000000007
mp-1206820.cif,0.0
mp-1185344.cif,0.0
mp-1184599.cif,0.0
mp-1183405.cif,0.0
mp-1185485.cif,3.1252000000000004
mp-1186884.cif,0.0
mp-1206402.cif,0.0
mp-1183631.cif,0.0
mp-1013586.cif,0.0
mp-1183543.cif,0.0
mp-1013713.cif,0.0
mp-1013737.cif,0.2991999999999999
mp-1183976.cif,0.0
mp-1013702.cif,0.0
mp-1076711.cif,0.0
mp-10266.cif,0.0
mp-1183053.cif,2.895900000000001
mp-1183469.cif,0.0
mp-1187516.cif,4.068899999999999
mp-1016829.cif,0.0
mp-1185514.cif,0.0
mp-1184325.cif,0.0
mp-10037.cif,0.0
mp-1099934.cif,0.0
mp-1206985.cif,0.0
mp-1185263.cif,3.1954
mp-1186312.cif,0.0
mp-1206877.cif,0.0
mp-1187182.cif,0.0
mp-1183534.cif,0.0
mp-1183692.cif,0.0
mp-10607.cif,0.0
mp-1069346.cif,0.0
mp-1076360.cif,0.0
mp-1013540.cif,0.0
mp-1207063.cif,0.0
mp-1206801.cif,0.4541999999999997
mp-1100775.cif,0.0
mp-1016850.cif,0.0
mp-1185297.cif,0.0
mp-1016930.cif,0.0
mp-1017441.cif,0.0
mp-1183152.cif,3.3847000000000005
mp-1211584.cif,0.0
mp-1183771.cif,0.0
mp-1186101.cif,0.0
mp-1183686.cif,0.0
mp-1187562.cif,0.0
mp-1184778.cif,1.4474
mp-1013563.cif,0.0
mp-1186404.cif,0.0
mp-1186097.cif,0.0
mp-10554.cif,0.0
mp-1013541.cif,0.0
mp-1013564.cif,0.0
mp-1186758.cif,0.0
mp-1185122.cif,0.0
mp-1186999.cif,0.0
mp-1013537.cif,0.0
mp-1183570.cif,0.0
mp-1206753.cif,0.0
mp-1183696.cif,0.0
mp-1186515.cif,0.0
mp-1184941.cif,0.0
mp-1185302.cif,0.0
mp-1187488.cif,0.0
mp-1188025.cif,0.0
mp-1187595.cif,0.0
mp-1013738.cif,0.0
mp-1183443.cif,0.0
mp-1207389.cif,0.0
mp-1186888.cif,0.0
mp-1096856.cif,0.1089000000000002
mp-1186897.cif,0.0
mp-1183290.cif,0.0
mp-1187715.cif,0.0
mp-1185420.cif,0.0
mp-1068746.cif,0.0
mp-1187189.cif,1.7306000000000004
mp-1206988.cif,0.0
mp-1075973.cif,0.0
mp-1016854.cif,0.0
mp-11651.cif,0.0
mp-1184765.cif,0.0
mp-1185203.cif,0.0
mp-1018627.cif,0.0
mp-1187783.cif,0.0
mp-1187623.cif,0.0
mp-1001571.cif,0.0
mp-1183413.cif,0.0
mp-1183052.cif,0.8071000000000002
mp-1187442.cif,0.0
mp-1185561.cif,0.0
mp-1185612.cif,0.0
mp-1210746.cif,0.0
mp-1185996.cif,0.0
mp-1013716.cif,0.0
mp-1187568.cif,0.0
mp-1185551.cif,0.0
mp-1184942.cif,0.0
mp-1187321.cif,0.0
mp-1186113.cif,0.0
mp-1187487.cif,0.0
mp-1184153.cif,0.0
mp-1209766.cif,0.0
mp-1017581.cif,0.0
mp-1183211.cif,1.4054000000000002
mp-1184751.cif,0.0
mp-10674.cif,0.0
mp-1187147.cif,0.0
mp-1186138.cif,0.0
mp-1178510.cif,0.0
mp-1183821.cif,0.0
mp-10061.cif,0.0
mp-1187469.cif,0.0
mp-1209047.cif,4.6262
mp-1017558.cif,0.0
mp-1187425.cif,0.0
mp-1069526.cif,0.0
mp-1013530.cif,0.0
mp-1070599.cif,5.3324
mp-1185548.cif,0.0
mp-1206922.cif,0.0
mp-1186392.cif,0.0
mp-1096944.cif,1.2761999999999998
mp-1017632.cif,0.0
mp-1183159.cif,0.0
mp-1183394.cif,0.0
mp-1013557.cif,0.0
mp-10881.cif,0.0
mp-1187481.cif,0.0
mp-1076638.cif,0.2498
mp-1016821.cif,1.1441000000000008
mp-1069538.cif,1.4785
mp-1185544.cif,0.0
mp-1018639.cif,1.0452000000000004
mp-1186755.cif,0.0
mp-1183823.cif,1.5367000000000006
mp-1183422.cif,0.0
mp-1187744.cif,0.0
mp-1185387.cif,0.0
mp-1184207.cif,0.0
mp-1184949.cif,0.0
mp-10135.cif,0.0
mp-1183445.cif,0.2690999999999999
mp-1206413.cif,0.0
mp-1018635.cif,0.0
mp-1094101.cif,0.0
mp-1013532.cif,0.0
mp-1206772.cif,0.0
mp-1097917.cif,0.0
mp-1076317.cif,0.0
mp-1017627.cif,0.0
mp-1099572.cif,2.9574
mp-1183115.cif,4.1024
mp-1184987.cif,0.0
mp-1016827.cif,3.6765
mp-1183128.cif,0.0
mp-1185065.cif,0.0
mp-1112987.cif,0.0
mp-1183292.cif,0.0
mp-1016938.cif,0.0
mp-10718.cif,0.0
mp-1183933.cif,0.0
mp-1147745.cif,0.8319999999999999
mp-1187515.cif,1.7074999999999996
mp-1178268.cif,1.8885
mp-1184641.cif,0.0
mp-1075904.cif,0.0
mp-1187767.cif,0.0
mp-10714.cif,0.0
mp-10732.cif,0.0766
mp-1184445.cif,0.0
mp-1184992.cif,0.0
mp-1206323.cif,2.9265
mp-1099668.cif,0.0
mp-1187065.cif,0.0
mp-10608.cif,0.0
mp-1184597.cif,0.0
mp-1017578.cif,0.0
mp-10185.cif,0.0
mp-1187400.cif,0.0
mp-1183925.cif,0.0
mp-10666.cif,0.0
mp-10600.cif,0.0
mp-1187924.cif,0.0
mp-1070375.cif,0.9787
mp-1184940.cif,0.0
mp-1100777.cif,0.0
mp-1013544.cif,0.4005999999999998
mp-10602.cif,0.0
mp-1183044.cif,0.0
mp-1183913.cif,0.0
mp-10280.cif,0.0
mp-1187714.cif,0.6282000000000005
mp-1183971.cif,0.0
mp-1184957.cif,0.0
mp-1186334.cif,0.0
mp-1187220.cif,0.0
mp-1017000.cif,2.0552
mp-1013711.cif,0.0
mp-1187797.cif,0.0
mp-1187342.cif,1.7284000000000002
mp-10374.cif,0.0
mp-1187569.cif,0.0
mp-10270.cif,0.0
mp-1183451.cif,0.0
mp-1183980.cif,0.0
mp-1183395.cif,0.0
mp-1017555.cif,5.367100000000001
mp-1013536.cif,0.0
mp-1013706.cif,0.0
mp-1183772.cif,0.0
mp-1016845.cif,0.0
mp-1206773.cif,0.0
mp-1183544.cif,0.0
mp-1183914.cif,0.0
mp-1101333.cif,0.0
mp-1184503.cif,0.0
mp-1016884.cif,0.5017000000000005
mp-1147710.cif,0.0
mp-1207093.cif,0.0
mp-1187542.cif,0.0
mp-1186797.cif,0.0
mp-10139.cif,0.0
mp-1185693.cif,0.2542999999999997
mp-1184948.cif,0.0
mp-1183719.cif,0.0
mp-1186324.cif,0.0
mp-1017582.cif,0.0
mp-1184947.cif,0.0
mp-1187557.cif,2.5716
mp-1070242.cif,0.0
mp-1187493.cif,0.0
mp-1183289.cif,0.0
mp-1016825.cif,1.2771999999999997
mp-1186571.cif,0.0
mp-1080847.cif,1.6233999999999993
mp-11733.cif,0.0
mp-1185015.cif,0.0
mp-10120.cif,0.0
mp-1184073.cif,0.0
mp-1206774.cif,0.0
mp-1097026.cif,3.365900000000001
mp-10712.cif,0.0
mp-1016841.cif,0.0
mp-1016848.cif,0.0
mp-1183426.cif,0.0
mp-1206909.cif,0.0
mp-1186742.cif,0.0
mp-1183242.cif,0.0
mp-1013707.cif,0.0
mp-1183045.cif,0.0
mp-1013734.cif,0.0
mp-1183282.cif,0.0
mp-1186346.cif,0.0
mp-1016836.cif,0.0
mp-1183145.cif,0.0
mp-1013554.cif,0.5196999999999998
mp-1013553.cif,0.0
mp-1076368.cif,0.0
mp-1016926.cif,0.0
mp-1187202.cif,0.0
mp-1188011.cif,0.6259000000000006
mp-1206822.cif,0.0
mp-1076732.cif,0.0
mp-1185320.cif,0.0
mp-1070713.cif,0.0
mp-1184960.cif,0.0
mp-1186801.cif,0.0
mp-1017631.cif,0.0
mp-10601.cif,0.0
mp-1183436.cif,0.0
mp-1206344.cif,0.0
mp-1187460.cif,0.0
mp-1013584.cif,0.0
mp-10140.cif,0.0
mp-1185417.cif,0.0
mp-1016876.cif,0.0
mp-1206123.cif,0.0
mp-1185613.cif,0.0
mp-1040467.cif,0.0
mp-1187260.cif,0.0
mp-1120765.cif,0.0
mp-1076070.cif,0.0
mp-1206518.cif,0.0
mp-1016826.cif,0.0
mp-1183283.cif,0.0
mp-1183310.cif,0.0
mp-1016903.cif,0.1022000000000007
mp-10279.cif,0.0
mp-1110999.cif,0.0
mp-1016846.cif,0.0
mp-1184491.cif,0.0
mp-1016851.cif,0.0
mp-1183715.cif,0.0
mp-1183447.cif,0.0
mp-1013545.cif,0.0
mp-1076820.cif,0.0
mp-1186557.cif,1.6957999999999998
mp-10271.cif,0.0
mp-1206415.cif,0.0
mp-10060.cif,0.0
mp-1183417.cif,0.0
mp-1183790.cif,0.0
mp-1184625.cif,0.0
mp-1187352.cif,0.0
mp-1184736.cif,0.0
mp-1187347.cif,0.0
mp-1184411.cif,0.0
mp-1017557.cif,0.0
mp-1069273.cif,0.0
mp-1186927.cif,0.0
mp-1207169.cif,0.0
mp-1096927.cif,5.3473
mp-1069296.cif,0.0
mp-1187736.cif,0.0
mp-1040464.cif,0.0
mp-1206996.cif,0.0
mp-1184042.cif,0.0
mp-1207153.cif,0.0
mp-1185357.cif,0.0
mp-1068742.cif,3.6169
mp-1185009.cif,0.0
mp-1018636.cif,0.0
mp-1187533.cif,0.0
mp-1183918.cif,0.0
mp-1183685.cif,0.8093999999999992
mp-1183479.cif,0.0
mp-11652.cif,0.0
mp-1185311.cif,0.2107000000000001
mp-1207074.cif,0.0
mp-1186133.cif,0.0
mp-1187529.cif,0.0
mp-1183539.cif,0.0
mp-1207091.cif,0.0
mp-1075902.cif,0.0
mp-1183403.cif,0.0
mp-1013705.cif,0.0
mp-1206138.cif,0.0
mp-1184023.cif,0.0
mp-1018645.cif,0.0
mp-1187416.cif,0.0
mp-1206767.cif,0.0
mp-1186812.cif,0.0
mp-1183194.cif,0.0
mp-1016835.cif,0.0
mp-1016842.cif,0.0
mp-1187779.cif,0.0
mp-1183133.cif,0.0
mp-1017629.cif,0.4669999999999996
mp-1016819.cif,0.0
mp-1013549.cif,0.0
mp-1016871.cif,0.0
mp-1018647.cif,0.0
mp-1185261.cif,0.0
mp-10041.cif,0.0
mp-1187570.cif,0.0
mp-1212637.cif,0.0
mp-1075975.cif,0.0
mp-1187530.cif,0.0
mp-1013548.cif,0.4075000000000006
mp-1185498.cif,0.0492999999999996
mp-1016831.cif,0.0
mp-1183920.cif,2.9729999999999994
mp-1184484.cif,0.0
mp-1184546.cif,2.6416000000000004
mp-1080187.cif,0.0
mp-1018646.cif,0.0
mp-1184349.cif,0.0
mp-1017553.cif,0.0
mp-1187561.cif,0.0
mp-1186216.cif,0.0
mp-1183695.cif,0.0
mp-1112174.cif,0.0
mp-1184117.cif,0.0
mp-1016873.cif,3.6612
mp-1055491.cif,0.0
mp-1186893.cif,0.0
mp-1185310.cif,0.0
mp-1184206.cif,0.0
mp-1186320.cif,0.0
mp-1185614.cif,0.0
mp-1016852.cif,0.0
mp-1209203.cif,0.0
mp-1187621.cif,0.0
mp-1185490.cif,0.0
mp-1068795.cif,0.0
mp-1206367.cif,0.0
mp-10250.cif,6.564299999999999
mp-1099619.cif,0.0
mp-1094118.cif,0.0
mp-1207055.cif,0.0
mp-1186167.cif,0.0
mp-1184939.cif,0.0
mp-1183298.cif,0.0
mp-1069774.cif,0.0
mp-1183476.cif,0.0
mp-1187421.cif,2.6968
mp-1183701.cif,0.0
mp-10039.cif,0.0
mp-1016837.cif,0.0
mp-1183176.cif,0.0
mp-1209227.cif,4.0839
mp-1184051.cif,0.0
mp-1184913.cif,0.0
mp-1187465.cif,0.0
mp-1183150.cif,0.0
mp-1184486.cif,0.3657000000000003
mp-1185564.cif,0.0
mp-1183168.cif,0.0
mp-1188081.cif,0.0
mp-1183532.cif,0.0
mp-1013709.cif,0.0
mp-1183285.cif,0.0
mp-1183393.cif,0.0
mp-1016840.cif,0.0
mp-1013561.cif,0.1279999999999996
mp-1185414.cif,0.0
mp-1183540.cif,0.0
mp-1068786.cif,0.0
mp-1185941.cif,0.0
mp-1186787.cif,0.0
mp-1187145.cif,0.0
mp-1184471.cif,0.0
mp-10606.cif,0.0
mp-1183154.cif,0.0
mp-1184348.cif,0.0
mp-1206121.cif,0.0
mp-1016823.cif,0.0
mp-1068340.cif,0.7856000000000001
mp-1187518.cif,0.0
mp-1017467.cif,0.0
mp-1183878.cif,0.0
mp-1184669.cif,0.0
mp-1013642.cif,0.1926999999999998
mp-1187746.cif,0.0
mp-1184468.cif,0.0
mp-1186764.cif,0.0
mp-1214407.cif,0.0
mp-10036.cif,0.0
mp-1207084.cif,0.0
mp-1184400.cif,0.0
mp-1080799.cif,0.0
mp-1017465.cif,0.0
mp-1183905.cif,0.0
mp-1187483.cif,0.0
mp-1040471.cif,0.0
mp-1211589.cif,4.7635
mp-1184383.cif,0.0
mp-1185401.cif,0.0
mp-1013733.cif,0.0
mp-1184219.cif,0.0
mp-1186198.cif,0.0
mp-1207081.cif,0.0
mp-1188026.cif,0.0
mp-1186533.cif,0.0
mp-1097006.cif,0.0
mp-1186948.cif,0.0
mp-10706.cif,0.0
mp-1183911.cif,0.0
mp-1185404.cif,0.0
mp-1187745.cif,0.0
mp-11822.cif,0.0
mp-1184215.cif,0.0
mp-1100778.cif,0.0
mp-1016849.cif,0.0
mp-1183681.cif,0.2954999999999996
mp-1184309.cif,0.0
mp-1185896.cif,0.0
mp-1017591.cif,0.0
mp-1207179.cif,0.0
mp-1018644.cif,0.0
mp-1184353.cif,0.0
mp-1016999.cif,0.0
mp-1076000.cif,0.0
mp-1184944.cif,0.0
mp-1016853.cif,0.0
mp-1186662.cif,0.0
mp-10175.cif,3.1006
mp-1068011.cif,0.0743999999999999
mp-1207078.cif,0.0
mp-1187752.cif,0.0
mp-1184959.cif,0.0
mp-1013542.cif,0.0
mp-9200.cif,0.5612
mp-1112985.cif,0.0
mp-973486.cif,0.0
mp-976331.cif,0.0
mp-1206401.cif,0.0
mp-1094052.cif,0.0
mp-20978.cif,0.0
mp-1184447.cif,0.0
mp-20543.cif,0.0
mp-3448.cif,6.9537
mp-10351.cif,0.0
mp-1186600.cif,0.0
mp-1016879.cif,0.6505999999999998
mp-1186471.cif,0.0
mp-1207184.cif,0.0
mp-6951.cif,3.1745
mp-1187576.cif,0.0
mp-1184234.cif,0.0
mp-1206516.cif,0.0
mp-3323.cif,3.2143999999999995
mp-1184563.cif,1.0495
mp-973648.cif,0.0
mp-1069129.cif,0.0
mp-975364.cif,0.0
mp-1016931.cif,0.0
mp-1183043.cif,0.0
mp-1147577.cif,0.8250000000000002
mp-1184022.cif,0.0
mp-1183142.cif,0.0
mp-972978.cif,0.0
mp-1013708.cif,0.0
mp-1186126.cif,0.0
mp-1183415.cif,0.0
mp-1187577.cif,1.9289
mp-1183288.cif,0.0
mp-1206912.cif,0.0
mp-1184965.cif,0.0
mp-1183160.cif,0.0
mp-10275.cif,0.0
mp-1187479.cif,0.0
mp-1186110.cif,0.0
mp-1080233.cif,5.0049
mp-1184204.cif,0.0
mp-1186199.cif,0.0
mp-1068377.cif,0.6374
mp-1016902.cif,0.0
mp-1206911.cif,0.0
mp-10611.cif,0.0
mp-1187310.cif,0.0
mp-1186403.cif,0.0
mp-10376.cif,0.0
mp-10609.cif,0.0
mp-1183972.cif,0.0
mp-1186134.cif,0.0
mp-1013531.cif,0.0
mp-1187572.cif,0.0
mp-1017556.cif,0.0
mp-1183406.cif,0.0
mp-1183922.cif,0.0
mp-10699.cif,0.0
mp-1096862.cif,0.0
mp-1017577.cif,0.0
mp-1206341.cif,0.0
mp-1075911.cif,1.3563000000000005
mp-1018629.cif,0.0
mp-10134.cif,0.0
mp-1076782.cif,0.0
mp-1184481.cif,0.0
mp-1068389.cif,0.0
mp-1186345.cif,0.0
mp-1184162.cif,0.0
mp-1210555.cif,0.0
mp-1185692.cif,0.0
mp-1013588.cif,0.3418999999999998
mp-1206999.cif,0.0
mp-1016881.cif,0.0
mp-1207302.cif,0.0
mp-1013691.cif,0.0
mp-10198.cif,0.0
mp-1183977.cif,0.0
mp-1183997.cif,0.0
mp-1069270.cif,0.0
mp-1070440.cif,0.0
mp-1094009.cif,0.0
mp-1184164.cif,2.9153
mp-1206878.cif,0.0
mp-1096764.cif,0.0
mp-1016874.cif,0.0
mp-1111868.cif,0.0
mp-1076633.cif,0.2186000000000003
mp-1080231.cif,0.0
mp-1186400.cif,0.0
mp-10133.cif,0.0
mp-1185313.cif,0.0
mp-1099873.cif,0.0
mp-1017446.cif,0.0
mp-1213642.cif,4.970000000000001
mp-1184562.cif,0.0
mp-1183291.cif,0.0
mp-1017563.cif,0.0
mp-1023129.cif,0.0
mp-1070737.cif,0.2972
mp-1099588.cif,0.7234999999999996
mp-1068577.cif,2.2792000000000003
mp-1183221.cif,0.0
mp-1004524.cif,0.0
mp-1185847.cif,0.0
mp-1187191.cif,0.0
mp-1186154.cif,0.0
mp-1013714.cif,0.0
mp-1183706.cif,0.0
mp-1110791.cif,0.0
mp-1206970.cif,3.0477
mp-11775.cif,0.4542000000000001
mp-1183917.cif,0.0
mp-1183397.cif,0.0
mp-1021667.cif,0.0
mp-1183983.cif,0.0
mp-1187784.cif,0.0
mp-1096800.cif,2.8177000000000003
mp-1187655.cif,0.0
mp-1183919.cif,0.0
mp-1013534.cif,0.0
mp-1186597.cif,1.6185
mp-1186669.cif,0.0
mp-10708.cif,0.0
mp-1184954.cif,0.0
mp-1184610.cif,0.0
mp-1206360.cif,0.0
mp-1183759.cif,0.0
mp-1186997.cif,0.0
mp-1185889.cif,0.0
mp-1184148.cif,0.0
mp-10700.cif,0.0
mp-10274.cif,0.0
mp-1016880.cif,0.0
mp-1184833.cif,0.0
mp-1187146.cif,0.0
mp-1013558.cif,0.0759000000000003
mp-1184946.cif,0.0
mp-1184937.cif,0.0
mp-1206915.cif,0.0
mp-1186886.cif,0.0
mp-1099591.cif,0.2167999999999996
mp-1206715.cif,0.0
mp-1183499.cif,0.0
mp-1186885.cif,0.0
mp-1076642.cif,0.0
mp-1018641.cif,0.0
mp-1206127.cif,0.0
mp-1094072.cif,0.0
mp-10038.cif,0.0
mp-1076800.cif,0.0
mp-1184799.cif,0.0
mp-1187485.cif,0.0
mp-1187750.cif,0.0
mp-1207135.cif,0.0
mp-1013533.cif,0.0
mp-1184032.cif,0.0
mp-1187905.cif,0.0
mp-1184150.cif,3.0097000000000005
mp-1077622.cif,0.0
mp-1184033.cif,0.0
mp-1185008.cif,0.0
mp-1186326.cif,0.0
mp-504715.cif,0.0
mp-1206991.cif,0.0
mp-21206.cif,0.0
mp-1206805.cif,0.0
mp-547864.cif,0.0
mp-19845.cif,1.585
mp-4593.cif,0.0
mp-1424898.cif,0.0
mp-22540.cif,0.0
mp-3769.cif,0.0
mp-582028.cif,0.0
mp-3163.cif,0.3723999999999998
mp-19818.cif,0.0
mp-510611.cif,0.0
mp-19899.cif,0.0
mp-18770.cif,1.7679
mp-1207079.cif,0.0
mp-29676.cif,0.0
mp-1207995.cif,0.0
mp-545783.cif,0.0
mp-1421498.cif,0.0
mp-22537.cif,0.0
mp-1206983.cif,0.0
mp-546973.cif,0.9698000000000002
mp-510381.cif,0.0
mp-31055.cif,0.0
mp-22394.cif,0.0
mp-20684.cif,0.0
mp-21313.cif,0.0
mp-558189.cif,0.6242999999999999
mp-1426094.cif,0.0
mp-1207000.cif,0.0
mp-1206990.cif,0.0
mp-19328.cif,0.0
mp-2647018.cif,0.0
mp-935811.cif,1.4120999999999997
mp-752649.cif,0.0
mp-975255.cif,0.0
mp-7166.cif,0.0
mp-973958.cif,0.0
mp-984454.cif,0.0
mp-5878.cif,3.6954
mp-7961.cif,0.0
mp-985585.cif,4.6766000000000005
mp-644483.cif,0.0
mp-984628.cif,0.0
mp-984632.cif,0.0
mp-975380.cif,0.0
mp-976848.cif,0.0
mp-627439.cif,0.0
mp-7143.cif,0.0
mp-755572.cif,0.0
mp-984756.cif,0.0
mp-976229.cif,0.0
mp-672229.cif,0.0
mp-865322.cif,0.2736
mp-977152.cif,0.0
mp-972395.cif,0.0
mp-975296.cif,0.0
mp-865181.cif,0.0
mp-22004.cif,0.0
mp-3136.cif,1.5249
mp-12631.cif,0.0
mp-19758.cif,0.0
mp-998322.cif,0.0
mp-971975.cif,0.0
mp-1383356.cif,0.8588999999999998
mp-972367.cif,0.0
mp-972021.cif,0.0
mp-998173.cif,0.0
mp-19778.cif,0.0
mp-861873.cif,0.6811000000000007
mp-19035.cif,0.0
mp-8557.cif,0.0
mp-977370.cif,0.0
mp-975190.cif,0.0
mp-753781.cif,0.4795999999999996
mp-31149.cif,0.3687000000000004
mp-552729.cif,2.5682
mp-4230.cif,0.0
mp-971996.cif,0.0
mp-998417.cif,3.6132
mp-1400626.cif,0.0
mp-22556.cif,0.0
mp-975159.cif,0.0
mp-972442.cif,0.0
mp-866816.cif,0.0
mp-22981.cif,2.7633
mp-21128.cif,0.0
mp-21888.cif,0.0
mp-8368.cif,0.0
mp-989602.cif,0.0
mp-975138.cif,0.0
mp-982975.cif,0.0
mp-7752.cif,0.2576999999999998
mp-1475723.cif,0.0
mp-20922.cif,0.0
mp-976446.cif,0.0
mp-22120.cif,0.0
mp-20229.cif,0.0
mp-862606.cif,0.0
mp-975333.cif,0.0
mp-998535.cif,2.9011
mp-5229.cif,1.7719999999999998
mp-4170.cif,2.2603
mp-998344.cif,0.0
mp-976258.cif,0.0
mp-7375.cif,2.2934
mp-971700.cif,0.0
mp-972184.cif,0.0
mp-9040.cif,0.0
mp-3710.cif,0.0
mp-20325.cif,0.0
mp-998352.cif,0.8438999999999997
mp-976763.cif,0.0
mp-975346.cif,0.0
mp-6952.cif,6.5181
mp-8397.cif,6.1846
mp-975361.cif,0.0
mp-22246.cif,0.0
mp-975299.cif,0.0
mp-3686.cif,0.0
mp-977184.cif,0.0
mp-998230.cif,3.9416
mp-973930.cif,0.0
mp-1223446.cif,2.5295
mp-975207.cif,0.0
mp-975373.cif,0.0
mp-19726.cif,0.0
mp-985586.cif,1.8815
mp-21076.cif,0.0
mp-998398.cif,1.0975
mp-984357.cif,0.0
mp-998744.cif,1.3779
mp-981250.cif,0.0
mp-978493.cif,0.7593999999999994
mp-998231.cif,1.4859
mp-20362.cif,0.0
mp-1223812.cif,0.9897
mp-8399.cif,3.2859
mp-1385732.cif,0.0
mp-579496.cif,0.0
mp-998762.cif,2.6304
mp-2647024.cif,0.0
mp-1433892.cif,0.0
mp-19257.cif,1.7362000000000002
mp-1403003.cif,0.0
mp-1417649.cif,0.0
mp-998151.cif,4.1784
mp-16287.cif,0.0
mp-974061.cif,0.0
mp-3717.cif,0.0
mp-5246.cif,2.0585
mp-22979.cif,1.2244000000000002
mp-1436662.cif,0.0
mp-3271.cif,0.0
mp-8398.cif,7.0604
mp-15856.cif,0.0
mp-9721.cif,0.0
mp-998307.cif,0.0
mp-636273.cif,0.0
mp-23026.cif,0.0
mp-998391.cif,0.0
mp-998227.cif,0.0
mp-865218.cif,1.8974999999999995
mp-998325.cif,3.4334
mp-973968.cif,0.0
mp-23949.cif,3.2736
mp-977412.cif,0.0
mp-998358.cif,2.1127
mp-22263.cif,0.0
mp-20337.cif,2.6727000000000003
mp-1402304.cif,0.0
mp-16334.cif,0.0
mp-998308.cif,0.0
mp-972116.cif,0.0
mp-20097.cif,0.0
mp-20750.cif,0.0
mp-9061.cif,0.0
mp-866095.cif,0.0
mp-976923.cif,0.0
mp-989497.cif,0.0
mp-19062.cif,1.904
mp-984051.cif,0.0
mp-614013.cif,0.4499999999999997
mp-2930.cif,0.0
mp-973471.cif,0.0
mp-973738.cif,0.0
mp-12572.cif,0.0
mp-998234.cif,0.0
mp-1245828.cif,0.0
mp-16290.cif,0.0
mp-975564.cif,0.0
mp-20530.cif,0.0
mp-975134.cif,0.0
mp-29056.cif,0.0
mp-974740.cif,0.0
mp-977389.cif,0.0
mp-22087.cif,0.0
mp-972296.cif,0.0
mp-1207194.cif,0.0
mp-1206844.cif,3.0009999999999994
mp-983513.cif,0.0
mp-973123.cif,0.0
mp-978504.cif,2.872
mp-1412222.cif,4.1944
mp-975394.cif,0.0
mp-1206514.cif,2.2818
mp-977408.cif,0.1116000000000001
mp-973869.cif,0.0
mp-972058.cif,0.0
mp-8578.cif,0.0
mp-505571.cif,0.0
mp-31157.cif,0.0
mp-998153.cif,0.7555999999999998
mp-983564.cif,0.0
mp-1206894.cif,0.0
mp-37214.cif,0.0
mp-7986.cif,1.3904999999999994
mp-1210575.cif,0.0
mp-8558.cif,0.0
mp-15805.cif,0.0
mp-510380.cif,0.0
mp-978926.cif,0.0
mp-1207172.cif,0.0
mp-1207083.cif,0.0
mp-29725.cif,0.0
mp-975274.cif,0.0
mp-1207180.cif,0.0
mp-20501.cif,0.0
mp-998749.cif,3.6852
mp-21850.cif,0.0
mp-20446.cif,0.0
mp-865927.cif,0.0
mp-570008.cif,0.2568999999999999
mp-975173.cif,0.0
mp-974734.cif,0.0
mp-1206910.cif,0.0
mp-998366.cif,0.0
mp-606671.cif,0.0
mp-978952.cif,1.0389
mp-5200.cif,0.0
mp-978490.cif,0.0
mp-975463.cif,0.0
mp-989564.cif,0.0
mp-861502.cif,0.9887999999999996
mp-20860.cif,0.0
mp-1209191.cif,2.1963
mp-973977.cif,0.0
mp-998554.cif,0.0
mp-4126.cif,0.4454000000000002
mp-998710.cif,1.805
mp-975596.cif,0.0
mp-7144.cif,0.0
mp-23037.cif,2.1878
mp-998568.cif,0.0
mp-20963.cif,0.0
mp-570822.cif,0.0
mp-30056.cif,4.3923
mp-20164.cif,0.0
mp-1418929.cif,0.0
mp-559946.cif,0.0
mp-20550.cif,0.0
mp-554973.cif,0.0
mp-2647102.cif,0.0
mp-556891.cif,0.0
mp-758371.cif,0.0
mp-973396.cif,0.0
mp-975425.cif,0.0
mp-974842.cif,0.0
mp-973447.cif,0.0
mp-21854.cif,0.0
mp-642739.cif,1.4434000000000002
mp-23818.cif,2.2146
mp-570223.cif,0.7606999999999999
mp-600089.cif,1.7819000000000005
mp-975206.cif,0.0
mp-975990.cif,0.0
mp-571458.cif,0.5540000000000003
mp-973919.cif,0.0
mp-28166.cif,0.8913
mp-983578.cif,0.0
mp-977107.cif,0.0
mp-4783.cif,0.0
mp-978842.cif,0.0
mp-22351.cif,0.0
mp-22513.cif,0.0
mp-973156.cif,0.0
mp-558694.cif,0.0
mp-863708.cif,0.0
mp-976320.cif,0.0
mp-22502.cif,0.0
mp-9960.cif,0.0
mp-1504764.cif,0.0
mp-781625.cif,0.0
mp-9834.cif,0.0
mp-998235.cif,0.0
mp-30055.cif,0.3851
mp-21017.cif,0.0
mp-20273.cif,0.0
mp-998194.cif,0.0
mp-998350.cif,0.2023999999999999
mp-20388.cif,0.0
mp-4505.cif,0.0
mp-975216.cif,0.0
mp-756315.cif,0.0
mp-998525.cif,0.0
mp-560399.cif,5.926200000000001
mp-4563.cif,0.0
mp-9060.cif,0.0
mp-998241.cif,2.4765
mp-573180.cif,0.4388000000000005
mp-2976.cif,0.0
mp-973818.cif,0.0
mp-976293.cif,0.0
mp-18841.cif,1.9038999999999997
mp-3693.cif,0.0
mp-975347.cif,0.0
mp-580234.cif,0.0
mp-998198.cif,4.0722
mp-569875.cif,0.0
mp-571330.cif,0.0
mp-972839.cif,0.0
mp-22350.cif,0.0
mp-4551.cif,3.7226
mp-976722.cif,0.0
mp-975387.cif,0.0
mp-998420.cif,0.0
mp-541365.cif,0.0
mp-754678.cif,0.0
mp-976185.cif,0.0
mp-998605.cif,2.1948
mp-998160.cif,0.0
mp-975443.cif,0.0
mp-21028.cif,0.0
mp-3591.cif,0.0
mp-975421.cif,0.0
mp-22519.cif,0.0
mp-567939.cif,0.0
mp-979436.cif,0.0
mp-981132.cif,0.0
mp-566131.cif,0.7059000000000002
mp-866030.cif,0.0
mp-567703.cif,0.0
mp-867195.cif,0.0
mp-19836.cif,0.0
mp-982040.cif,0.0
mp-976727.cif,0.0
mp-21910.cif,0.0
mp-975208.cif,0.0
mp-975288.cif,0.0
mp-3022.cif,0.0
mp-984745.cif,0.0
mp-27193.cif,2.8369
mp-975913.cif,0.0
mp-21862.cif,0.0
mp-21292.cif,0.0
mp-568021.cif,0.0
mp-505628.cif,0.0
mp-19322.cif,0.0
mp-971733.cif,0.0
mp-998415.cif,0.0
mp-865424.cif,0.4571000000000005
mp-28602.cif,2.0299
mp-21135.cif,0.0
mp-7070.cif,0.0
mp-3088.cif,0.0
mp-755877.cif,0.0
mp-1975771.cif,0.0
mp-975322.cif,0.0
mp-971706.cif,0.0
mp-975579.cif,0.0
mp-975291.cif,0.0
mp-31056.cif,0.0
mp-20967.cif,0.0
mp-998732.cif,0.0
mp-998739.cif,4.2135
mp-977176.cif,0.0
mp-21280.cif,0.0
mp-984082.cif,0.0
mp-998157.cif,0.6010000000000002
mp-7167.cif,0.0
mp-973830.cif,0.0
mp-981376.cif,0.0
mp-984554.cif,0.0
mp-9833.cif,0.0
mp-972066.cif,0.0
mp-19053.cif,0.0
mp-3654.cif,6.3971
mp-977112.cif,0.0
mp-1416619.cif,0.0
mp-973136.cif,0.0
mp-1435972.cif,0.8330000000000002
mp-3846.cif,0.0
mp-754524.cif,0.0
mp-974337.cif,0.0
mp-542103.cif,0.0
mp-635460.cif,0.0
mp-975521.cif,0.0
mp-982558.cif,0.0
mp-9964.cif,0.0
mp-1418444.cif,0.0
mp-1431390.cif,0.0
mp-579768.cif,0.0
mp-14099.cif,1.5852
mp-976283.cif,0.0
mp-19253.cif,0.0
mp-975179.cif,0.0
mp-978851.cif,0.0
mp-13819.cif,0.0
mp-1413511.cif,0.0
mp-979272.cif,0.0
mp-973267.cif,0.0
mp-8370.cif,0.0
mp-28873.cif,4.1681
mp-7104.cif,6.9005
mp-637179.cif,0.0
mp-20951.cif,0.0
mp-982245.cif,0.0
mp-31057.cif,0.0
mp-975384.cif,0.0
mp-19353.cif,1.8470000000000004
mp-510377.cif,0.0
mp-19944.cif,0.0
mp-973613.cif,0.0
mp-1239170.cif,0.0
mp-984240.cif,0.0
mp-754046.cif,0.0
mp-984552.cif,0.0
mp-866820.cif,0.0
mp-3183.cif,0.0
mp-5438.cif,0.0
mp-4405.cif,0.1978999999999999
mp-20424.cif,0.0
mp-981934.cif,0.0
mp-4950.cif,6.1392
mp-19958.cif,0.0
mp-24419.cif,1.8636
mp-642690.cif,1.1901
mp-975200.cif,0.0
mp-21186.cif,0.0
mp-973579.cif,0.0
mp-973068.cif,0.0
mp-9831.cif,0.0
mp-1427680.cif,0.0
mp-972222.cif,0.0
mp-545712.cif,0.4172000000000002
mp-28593.cif,4.277500000000001
mp-1412687.cif,0.0
mp-19769.cif,0.0
mp-5663.cif,2.2990000000000004
mp-755018.cif,2.5106
mp-21392.cif,0.0
mp-20031.cif,0.7914000000000003
mp-998761.cif,3.4347
mp-20423.cif,0.0
mp-977100.cif,0.0
mp-1212650.cif,0.0
mp-5323.cif,0.0
mp-555123.cif,2.6564
mp-2929.cif,0.0
mp-580539.cif,0.0
mp-31058.cif,0.0
mp-5811.cif,2.908300000000001
mp-8020.cif,0.0
mp-545522.cif,0.0
mp-981367.cif,0.0
mp-20182.cif,0.0
mp-22549.cif,0.8039000000000005
mp-998195.cif,0.0
mp-21319.cif,0.0
mp-4079.cif,0.0
mp-558749.cif,2.9437
mp-976952.cif,0.0
mp-866036.cif,0.0
mp-545379.cif,0.0451999999999994
mp-22535.cif,2.4148999999999994
mp-20040.cif,0.0
mp-976133.cif,0.0
mp-550008.cif,0.6896999999999993
mp-2695837.cif,0.0
mp-975292.cif,0.0
mp-972160.cif,0.0
mp-20572.cif,0.6978
mp-972931.cif,0.0
mp-557257.cif,2.0758999999999994
mp-973655.cif,0.0
mp-510382.cif,0.0
mp-975284.cif,0.0
mp-978862.cif,0.0
mp-973536.cif,0.0
mp-985292.cif,0.0
mp-574239.cif,0.0
mp-552676.cif,0.8483999999999998
mp-1422819.cif,2.9035
mp-558843.cif,0.0
mp-974581.cif,0.0
mp-984723.cif,2.9483000000000006
mp-978489.cif,1.1847999999999992
mp-865758.cif,1.0156999999999998
mp-22364.cif,0.0
mp-29242.cif,0.0
mp-1228834.cif,0.0
mp-998201.cif,0.0
mp-7114.cif,0.0
mp-632808.cif,1.1987
mp-675022.cif,2.6799
mp-976284.cif,0.0
mp-20992.cif,0.0
mp-1946459.cif,0.0
mp-555036.cif,0.0
mp-554601.cif,0.0
mp-23080.cif,1.5859999999999994
mp-989601.cif,0.7063999999999995
mp-22345.cif,0.0
mp-998323.cif,0.0
mp-8577.cif,0.0
mp-20430.cif,0.0
mp-22593.cif,0.0
mp-3428.cif,0.0
mp-644203.cif,3.1408
mp-5827.cif,1.8285
mp-1416557.cif,0.0
mp-613384.cif,0.0
mp-866101.cif,2.0031000000000008
mp-28171.cif,1.0284000000000002
mp-561598.cif,0.0
mp-33365.cif,0.0
mp-20459.cif,1.813
mp-7482.cif,0.6454
mp-864606.cif,0.0
mp-975385.cif,0.0
mp-21233.cif,0.0
mp-644246.cif,0.0
mp-546910.cif,0.0
mp-561947.cif,0.7228
mp-19847.cif,0.0
mp-1395974.cif,0.0
mp-4346.cif,0.0
mp-20427.cif,0.0
mp-22793.cif,0.0
mp-1421511.cif,0.0
mp-973892.cif,0.0
mp-5893.cif,3.4579000000000004
mp-998297.cif,4.1683
mp-28377.cif,0.9905000000000002
mp-22496.cif,0.0
mp-22664.cif,0.0
mp-754940.cif,0.0
mp-18717.cif,0.0
mp-19817.cif,0.0
mp-20590.cif,0.0
mp-21031.cif,0.0
mp-974505.cif,0.0
mp-972827.cif,0.0
mp-976775.cif,0.0
mp-19948.cif,0.0
mp-637378.cif,0.0
mp-865120.cif,2.952
mp-771055.cif,0.3877000000000006
mp-8402.cif,6.938400000000001
mp-12725.cif,1.3336
mp-998154.cif,0.0
mp-19749.cif,0.0
mp-754892.cif,0.4794
mp-978503.cif,0.0
mp-977117.cif,0.0
mp-978506.cif,0.0
mp-20180.cif,0.0
mp-754941.cif,0.0
mp-22988.cif,2.1535
mp-29241.cif,0.0
mp-18747.cif,0.0
mp-568005.cif,4.3382000000000005
mp-973681.cif,0.0
mp-998414.cif,0.0
mp-5304.cif,3.4924
mp-4342.cif,1.4759999999999998
mp-1504314.cif,0.0
mp-1435808.cif,0.0
mp-570231.cif,0.6968000000000001
mp-976968.cif,0.0
mp-998786.cif,0.0
mp-998552.cif,3.5394
mp-20808.cif,0.0
mp-28872.cif,3.9953
mp-1395579.cif,0.0
mp-973960.cif,0.0
mp-29243.cif,0.0
mp-979294.cif,0.0
mp-19840.cif,0.0
mp-29677.cif,0.0173999999999998
mp-1399321.cif,0.0
mp-1239192.cif,0.0
mp-974511.cif,0.0
mp-998365.cif,0.0
mp-5986.cif,1.7279999999999998
mp-1434307.cif,0.0
mp-7130.cif,0.0
mp-5660.cif,0.0
mp-972985.cif,0.0
mp-510376.cif,0.0
mp-998363.cif,0.0
mp-1399724.cif,0.0
mp-3614.cif,2.0995
mp-998204.cif,0.0
mp-974108.cif,0.0
mp-542112.cif,3.2122
mp-998176.cif,1.7508
mp-981550.cif,0.0
mp-998306.cif,0.3719999999999999
mp-972822.cif,0.0
mp-3834.cif,3.0377
mp-754696.cif,0.0
mp-1410049.cif,0.0
mp-3869.cif,0.0
mp-1416093.cif,0.6372999999999998
mp-998367.cif,0.0
mp-7159.cif,0.0
mp-1383064.cif,0.0
mp-20679.cif,0.0
mp-975427.cif,0.0
mp-20385.cif,0.0
mp-998159.cif,3.4393
mp-998607.cif,0.0
mp-977058.cif,0.0
mp-19716.cif,0.0
mp-7223.cif,0.7169999999999996
mp-20702.cif,0.0
mp-510492.cif,0.0
mp-20999.cif,0.0
mp-984356.cif,0.0
mp-623448.cif,0.0
mp-864911.cif,0.0
mp-998412.cif,0.9083
mp-980537.cif,0.0
mp-980058.cif,0.0
mp-977455.cif,0.915
mp-27718.cif,0.0
mp-20990.cif,0.0
mp-862832.cif,2.6427000000000005
mp-21035.cif,0.0
mp-546200.cif,0.0
mp-19025.cif,0.0
mp-568727.cif,0.0
mp-1247483.cif,0.0
mp-973877.cif,0.0
mp-510624.cif,0.0
mp-3020.cif,0.0
mp-862870.cif,0.0
mp-21043.cif,3.0445
mp-21022.cif,0.0
mp-8401.cif,6.7028
mp-973269.cif,0.0
mp-998432.cif,0.0
mp-23737.cif,2.5126
mp-568544.cif,1.7462
mp-560976.cif,0.0
mp-23729.cif,0.9148
mp-20796.cif,0.0
mp-7006.cif,0.0
mp-624739.cif,0.0
mp-984722.cif,0.0
mp-3105.cif,0.0
mp-984553.cif,0.0
mp-4448.cif,0.0
mp-975405.cif,0.0
mp-864636.cif,0.0
mp-27214.cif,0.5984
mp-21058.cif,0.0
mp-5020.cif,2.5087
mp-975386.cif,0.0
mp-19881.cif,0.0
mp-1503976.cif,0.0
mp-4982.cif,0.0
mp-22542.cif,0.0
mp-2649045.cif,0.0
mp-977123.cif,0.0
mp-570290.cif,1.1477
mp-5777.cif,2.293
mp-975588.cif,0.0
mp-554465.cif,0.0
mp-16297.cif,0.0
mp-975236.cif,0.0
mp-975308.cif,0.0
mp-19828.cif,0.0
mp-998226.cif,0.0
mp-2464440.cif,0.0
mp-20029.cif,0.0
mp-20159.cif,0.0
mp-998745.cif,3.9179
mp-985545.cif,0.0
mp-998623.cif,4.2415
mp-998196.cif,0.0
mp-998601.cif,4.7457
mp-570591.cif,0.0
mp-982885.cif,0.0
mp-8074.cif,0.0
mp-613402.cif,0.0
mp-13108.cif,3.7305
mp-21244.cif,0.0
mp-3000.cif,0.0
mp-1432347.cif,0.0
mp-8037.cif,3.2033000000000005
mp-981313.cif,0.0
mp-971704.cif,0.0
mp-998147.cif,0.0
mp-19777.cif,0.0
mp-975382.cif,0.0
mp-556424.cif,2.4491
mp-8396.cif,0.0
