id,formation_energy
mp-1187377.cif,-1.6119142985833328
mp-1184359.cif,-1.4129563222500003
mp-1185236.cif,-2.2260447492500006
mp-1187359.cif,-1.88164873725
mp-1186357.cif,-2.682346767
mp-1017439.cif,-3.1183008465833337
mp-1206443.cif,-0.4902788635000007
mp-1013543.cif,0.166259832
mp-1016833.cif,-1.8364871972500003
mp-1013585.cif,-0.6791841159999997
mp-1185529.cif,-1.9429863702499997
mp-1017626.cif,-3.613507174166666
mp-1184369.cif,-1.79782263925
mp-1185488.cif,-2.75337955275
mp-1183286.cif,-3.1207071172500003
mp-1187448.cif,-2.093822851250001
mp-1018633.cif,-0.6860895588333336
mp-1186757.cif,-1.8724251305833328
mp-1185550.cif,-1.976697242836208
mp-1185841.cif,-2.5441155932499995
mp-1069166.cif,-0.7152212000862072
mp-1013562.cif,-0.8569807990000001
mp-1016932.cif,-1.2590345228362068
mp-1185303.cif,-1.6688415389166664
mp-1016883.cif,-2.24732158325
mp-1186920.cif,-0.8984458552500001
mp-1186220.cif,-1.91166745125
mp-1187480.cif,-1.7086635412500002
mp-1184945.cif,-2.2723211411833333
mp-1185882.cif,-0.9649733382500004
mp-1186747.cif,-3.453473730249999
mp-10040.cif,0.2118230984999996
mp-1187556.cif,-2.09286555825
mp-10113.cif,-0.6593359808333332
mp-1184304.cif,-2.22142702325
mp-1184953.cif,-1.6185809298500005
mp-1184813.cif,-2.78747299925
mp-1183414.cif,-0.6288533362500004
mp-1013535.cif,-0.3237125226666663
mp-1187364.cif,-2.8171226392500004
mp-1017566.cif,-1.71223558625
mp-1185084.cif,-2.01659465025
mp-1186329.cif,-1.8615943849999996
mp-1187535.cif,-2.4500044022499994
mp-1184157.cif,-2.20468622525
mp-1016928.cif,-2.77058353125
mp-1186799.cif,-2.5641210992500008
mp-1187183.cif,-1.6961479172500007
mp-1183212.cif,-0.3014949950833333
mp-1013555.cif,-0.938952648
mp-1013643.cif,-0.9237904226666664
mp-1184220.cif,-1.1945090200833328
mp-1185552.cif,-2.7811059828362064
mp-1097061.cif,-3.3031896841666666
mp-1016904.cif,-1.7940188192500002
mp-1013712.cif,-0.3032931846666663
mp-1040472.cif,-2.1386461258500007
mp-11824.cif,-1.0902869296666666
mp-1185388.cif,-2.299096837416667
mp-1187190.cif,-1.6784321045833337
mp-1186401.cif,-2.39843613125
mp-1187226.cif,-2.4019939555833334
mp-1187389.cif,-2.892921059250001
mp-1185545.cif,-1.1250294328362067
mp-1016886.cif,-2.2651391952500006
mp-1013550.cif,-1.0218048446666663
mp-1184936.cif,-2.0613500258499995
mp-10373.cif,-0.2487882769999984
mp-1068661.cif,-0.7379468218333329
mp-1186395.cif,-2.80734497025
mp-1016843.cif,-1.3795095232499996
mp-1075921.cif,-2.4372900402499997
mp-1018628.cif,-0.1779721784999992
mp-1183562.cif,-2.6682241122500003
mp-1183926.cif,-0.419236964336207
mp-1016828.cif,-0.8399852912500002
mp-1183287.cif,-1.4654473272500006
mp-1186756.cif,-2.3892069045833333
mp-1018643.cif,-0.6237513511666662
mp-1076706.cif,-2.28847847425
mp-1183538.cif,-2.9688490085833337
mp-1183712.cif,-1.5479247282499995
mp-1183132.cif,-2.1549130792499995
mp-1183277.cif,-0.3211151970833327
mp-1183923.cif,-2.190094629336207
mp-1187781.cif,-1.5433054872499994
mp-1184935.cif,-1.20500409585
mp-1206343.cif,0.0200441225000005
mp-1186153.cif,-1.0931068725603452
mp-1016929.cif,-1.23660004925
mp-1016830.cif,-2.9142600359166666
mp-1016820.cif,-1.87326951625
mp-1183139.cif,-2.456239951750001
mp-1227955.cif,-2.22125022925
mp-1187578.cif,-3.1727899972500007
mp-10356.cif,1.6021364165
mp-1184950.cif,-2.799969929849999
mp-1017554.cif,-0.1355490389999999
mp-1206517.cif,0.0321552490000002
mp-1017580.cif,0.6912963444000002
mp-1183284.cif,-1.654251953916667
mp-1016900.cif,-1.977304229250001
mp-1013710.cif,0.6083306629999999
mp-1186980.cif,-2.04589452525
mp-1018638.cif,-0.9736027910000004
mp-1184044.cif,-0.3494098702500004
mp-1013703.cif,-0.2906292149999999
mp-1184557.cif,-0.93668716225
mp-1099583.cif,-3.444706522916667
mp-1184964.cif,-2.9501483522500003
mp-1185308.cif,-2.2609048319166667
mp-1184773.cif,-0.7360052392499995
mp-1186349.cif,-2.525995133000001
mp-1016882.cif,-1.0431842912500002
mp-1187192.cif,-2.3769566005833327
mp-1210597.cif,1.5367225752413802
mp-1076534.cif,-2.97826306475
mp-1017447.cif,-1.1747239492499992
mp-1040469.cif,-2.04751358385
mp-1183449.cif,-1.7107932382500004
mp-1206777.cif,1.4798586852413806
mp-1110854.cif,-1.2960581726
mp-1186993.cif,-2.76517236225
mp-1183934.cif,-1.311320564836207
mp-10675.cif,-1.017871855
mp-1111644.cif,-1.913887841
mp-1016877.cif,-0.5780080882500002
mp-1183431.cif,-0.7469445742499999
mp-1183169.cif,-1.6178594265833333
mp-1213745.cif,-0.3927310455000004
mp-1186106.cif,-1.683934785249999
mp-1187862.cif,-2.804431204583333
mp-1097916.cif,-2.6423494315862066
mp-1433326.cif,-2.265035316583332
mp-1183418.cif,-1.2715821742500004
mp-1206994.cif,-1.0749282469999997
mp-1185356.cif,-1.3176105319166669
mp-10716.cif,-0.4140188295000016
mp-1206130.cif,0.1094687289999996
mp-1016875.cif,-0.8539169532499997
mp-1186316.cif,-2.4652225107499994
mp-1016872.cif,-1.7961600592500004
mp-1184243.cif,-1.5182749117500005
mp-1094085.cif,-1.0221699004999998
mp-1207183.cif,-0.18233573175862
mp-1183929.cif,-0.2726547501465518
mp-1013719.cif,-0.5401453979999999
mp-1016927.cif,-2.2848386159166667
mp-1120777.cif,-2.924981625477012
mp-1013704.cif,-0.4984749180000001
mp-1187143.cif,-2.188208119583334
mp-1186118.cif,-1.3246930925603444
mp-1186112.cif,0.1984441967499997
mp-1075933.cif,-1.697472017583333
mp-1187494.cif,-0.8416906977499998
mp-1183134.cif,-2.27030810525
mp-1206820.cif,-0.2303948595000008
mp-1185344.cif,-1.9963527839166664
mp-1184599.cif,-3.28094451125
mp-1183405.cif,-1.84494449125
mp-1185485.cif,-3.55043711725
mp-1186884.cif,-1.3991112987499996
mp-1206402.cif,-0.1363468887586208
mp-1183631.cif,-0.9965515030833332
mp-1013586.cif,-0.685562361666667
mp-1183543.cif,-1.9811914912499995
mp-1013713.cif,-0.1612082946666664
mp-1013737.cif,-0.882406670666667
mp-1183976.cif,-1.42706548216954
mp-1013702.cif,-0.1347885826666665
mp-1076711.cif,-1.7415174765833328
mp-10266.cif,0.0121299325000009
mp-1183053.cif,-3.06401599325
mp-1183469.cif,-0.7653780672499998
mp-1187516.cif,-3.4320486312500003
mp-1016829.cif,-1.46274148925
mp-1185514.cif,-2.2615310222500007
mp-1184325.cif,-2.57240793425
mp-10037.cif,-0.2232362804999993
mp-1099934.cif,-1.88692869025
mp-1206985.cif,-0.339967863666665
mp-1185263.cif,-3.346180325916668
mp-1186312.cif,-2.4749769485
mp-1206877.cif,-0.5672275614999996
mp-1187182.cif,-2.324713548583333
mp-1183534.cif,-3.0708377422500006
mp-1183692.cif,-1.10086775925
mp-10607.cif,-0.5274398961666662
mp-1069346.cif,-2.994198380250001
mp-1076360.cif,-1.55847550075
mp-1013540.cif,0.0698416223333332
mp-1207063.cif,1.826614658166667
mp-1206801.cif,-2.5540416575
mp-1100775.cif,-2.686466700583334
mp-1016850.cif,-1.9151932012500008
mp-1185297.cif,-2.408170090416667
mp-1016930.cif,-1.4112910482499998
mp-1017441.cif,-1.930245880583334
mp-1183152.cif,-3.82982380675
mp-1211584.cif,1.6591330244000004
mp-1183771.cif,-2.2359103252500008
mp-1186101.cif,-0.4136306698936778
mp-1183686.cif,-0.226178060250001
mp-1187562.cif,-1.88087619125
mp-1184778.cif,-3.137262867249999
mp-1013563.cif,-0.8364174469999994
mp-1186404.cif,-1.658820223250001
mp-1186097.cif,-2.130960144560345
mp-10554.cif,-0.7018817836666663
mp-1013541.cif,-0.4796002289999997
mp-1013564.cif,-0.8867670029999999
mp-1186758.cif,-3.122012071916666
mp-1185122.cif,-2.4485406372500007
mp-1186999.cif,-1.6575271585833335
mp-1013537.cif,0.2243294900000002
mp-1183570.cif,-1.21396368025
mp-1206753.cif,0.5424925942500003
mp-1183696.cif,-1.0249639712499992
mp-1186515.cif,-2.3162598542500006
mp-1184941.cif,-2.3842014458500005
mp-1185302.cif,-1.2399528637500006
mp-1187488.cif,-1.9551555012500004
mp-1188025.cif,-1.7669571752500004
mp-1187595.cif,-1.89803539725
mp-1013738.cif,-0.4695248710000001
mp-1183443.cif,-1.5264319122500003
mp-1207389.cif,-0.5710335605000004
mp-1186888.cif,-2.98131192275
mp-1096856.cif,-0.6335261656666666
mp-1186897.cif,-1.1094652547499997
mp-1183290.cif,-1.71314669525
mp-1187715.cif,-2.47423635925
mp-1185420.cif,-1.458716329916666
mp-1068746.cif,-0.2607580776666666
mp-1187189.cif,-2.3969536505833333
mp-1206988.cif,-0.2695173258333326
mp-1075973.cif,-2.792370773836208
mp-1016854.cif,-1.4198787748362072
mp-11651.cif,-1.9185275887500004
mp-1184765.cif,-1.4169619832499998
mp-1185203.cif,-0.6841853839166667
mp-1018627.cif,-0.6360926468333326
mp-1187783.cif,-2.017042514250001
mp-1187623.cif,-1.5045189409166668
mp-1001571.cif,-2.17713515525
mp-1183413.cif,-0.89402900925
mp-1183052.cif,-2.476152931583333
mp-1187442.cif,-2.003477761249999
mp-1185561.cif,-1.617681154836207
mp-1185612.cif,-1.2346839752500005
mp-1210746.cif,0.0556802939137924
mp-1185996.cif,-1.34886054266954
mp-1013716.cif,-0.3211019189999998
mp-1187568.cif,-1.53415943925
mp-1185551.cif,-2.250727216836207
mp-1184942.cif,-0.5559121178499999
mp-1187321.cif,-2.252783877249999
mp-1186113.cif,-0.95778077525
mp-1187487.cif,-2.4681732332500004
mp-1184153.cif,-2.15279857025
mp-1209766.cif,-0.9003731368333334
mp-1017581.cif,-0.1894290784999995
mp-1183211.cif,-1.261347205083333
mp-1184751.cif,-2.0647949392500005
mp-10674.cif,1.081657824
mp-1187147.cif,-3.0849324265833338
mp-1186138.cif,-1.180125352560345
mp-1178510.cif,-1.68605443725
mp-1183821.cif,-2.0152040392500004
mp-10061.cif,-0.6363426358333335
mp-1187469.cif,-1.9368978839166675
mp-1209047.cif,-2.6004083408333334
mp-1017558.cif,-1.014891503
mp-1187425.cif,-2.4986532812499997
mp-1069526.cif,1.7817852934999998
mp-1013530.cif,-0.1594015806666665
mp-1070599.cif,-2.7009028315862067
mp-1185548.cif,-0.4630835948362069
mp-1206922.cif,-1.0493685629999987
mp-1186392.cif,-3.20939531425
mp-1096944.cif,-2.584033872836207
mp-1017632.cif,-0.0739306679999998
mp-1183159.cif,-1.4012242692500003
mp-1183394.cif,-3.195801568583333
mp-1013557.cif,-0.8707411329999999
mp-10881.cif,-0.828505354
mp-1187481.cif,-1.257141267416667
mp-1076638.cif,-2.052987348750001
mp-1016821.cif,-2.84350831725
mp-1069538.cif,-1.271080199586207
mp-1185544.cif,-0.7599737095028736
mp-1018639.cif,-2.5973521609166674
mp-1186755.cif,-3.282068082583334
mp-1183823.cif,-2.30537250725
mp-1183422.cif,-1.0013624040833335
mp-1187744.cif,-1.8250998552500008
mp-1185387.cif,-2.2994781534166675
mp-1184207.cif,-2.28579937525
mp-1184949.cif,-2.3565472951833337
mp-10135.cif,-0.6578417458333334
mp-1183445.cif,-1.9605515582500004
mp-1206413.cif,-0.0015955774999994
mp-1018635.cif,-0.1852542365000005
mp-1094101.cif,-0.9393757455000008
mp-1013532.cif,-0.5753197616666668
mp-1206772.cif,-0.8832719698333321
mp-1097917.cif,-0.6752503579166664
mp-1076317.cif,-1.16219012925
mp-1017627.cif,-1.0346238729999997
mp-1099572.cif,-2.505715141086207
mp-1183115.cif,-3.6907827977500007
mp-1184987.cif,-2.321902321850001
mp-1016827.cif,-2.04758460225
mp-1183128.cif,-2.2719762272500006
mp-1185065.cif,-3.4289303242500004
mp-1112987.cif,-1.218629387586207
mp-1183292.cif,-1.64588256125
mp-1016938.cif,-1.50245132425
mp-10718.cif,1.4260212485000003
mp-1183933.cif,-2.985180658586208
mp-1147745.cif,-0.9697135215862068
mp-1187515.cif,-2.591294924249999
mp-1178268.cif,-3.614480205250002
mp-1184641.cif,-1.0154732835833329
mp-1075904.cif,-2.36560642525
mp-1187767.cif,-2.45400820925
mp-10714.cif,-0.5400310648333331
mp-10732.cif,-1.4475766870000002
mp-1184445.cif,-1.900873739250001
mp-1184992.cif,-0.7363668278500001
mp-1206323.cif,-0.4719278065862067
mp-1099668.cif,-2.3320192762500014
mp-1187065.cif,-1.6336400392499997
mp-10608.cif,-0.6577221905000001
mp-1184597.cif,-3.15896726725
mp-1017578.cif,-0.7770593638333324
mp-10185.cif,0.1746788324999997
mp-1187400.cif,-1.4996042032500008
mp-1183925.cif,-0.701339624836207
mp-10666.cif,-0.1429510070919533
mp-10600.cif,-0.1852893965000007
mp-1187924.cif,-1.3987339712500002
mp-1070375.cif,-1.8076041265862064
mp-1184940.cif,-1.643759673183333
mp-1100777.cif,-1.3465983945833344
mp-1013544.cif,-0.9493456090000002
mp-10602.cif,-0.315997746
mp-1183044.cif,-2.456822419916668
mp-1183913.cif,-0.6908060788362071
mp-10280.cif,1.2121663145
mp-1187714.cif,-2.449419121249999
mp-1183971.cif,-1.2710589028362071
mp-1184957.cif,-0.3360271813499998
mp-1186334.cif,-2.0935429130000003
mp-1187220.cif,-2.14315000925
mp-1017000.cif,-2.8427337352499995
mp-1013711.cif,-0.502587117666667
mp-1187797.cif,-1.95004431525
mp-1187342.cif,-3.19516700725
mp-10374.cif,-0.3922324490000008
mp-1187569.cif,-2.0643864712500006
mp-10270.cif,-0.2945452794999994
mp-1183451.cif,-0.71658139225
mp-1183980.cif,-1.4023863157500005
mp-1183395.cif,-2.4645236692500005
mp-1017555.cif,-2.745472154086207
mp-1013536.cif,0.1618630483333333
mp-1013706.cif,-0.5313398559999996
mp-1183772.cif,-1.0536209262499994
mp-1016845.cif,-2.4899430652500003
mp-1206773.cif,-0.261108702833333
mp-1183544.cif,-2.831406256583334
mp-1183914.cif,-1.3237242288362068
mp-1101333.cif,-2.8105567380833336
mp-1184503.cif,-2.0723764092500003
mp-1016884.cif,-2.5799733202499997
mp-1147710.cif,-1.4407921195862063
mp-1207093.cif,-0.2797864814999997
mp-1187542.cif,-3.23039407525
mp-1186797.cif,-2.19958488525
mp-10139.cif,-0.6085225358333333
mp-1185693.cif,-1.7067662910833328
mp-1184948.cif,-1.4824746874362078
mp-1183719.cif,-0.7601633632499997
mp-1186324.cif,-2.9775534707500007
mp-1017582.cif,-0.2179398765000001
mp-1184947.cif,-1.0315514008500002
mp-1187557.cif,-3.4028443275833333
mp-1070242.cif,1.6596260462413794
mp-1187493.cif,-3.16322270225
mp-1183289.cif,-3.2078744082499995
mp-1016825.cif,-3.04450719525
mp-1186571.cif,-2.8493206187499998
mp-1080847.cif,-0.7244068570000003
mp-11733.cif,-1.0900753789999995
mp-1185015.cif,-3.1179980716
mp-10120.cif,-0.5577394313333329
mp-1184073.cif,-0.0954223752500006
mp-1206774.cif,-0.1799434787586193
mp-1097026.cif,-3.03491874175
mp-10712.cif,-0.4948116784999996
mp-1016841.cif,-2.36882017025
mp-1016848.cif,-1.893477468583333
mp-1183426.cif,-0.8230235522500002
mp-1206909.cif,-0.5602908418333336
mp-1186742.cif,-2.856920263250001
mp-1183242.cif,-0.5573131090833329
mp-1013707.cif,0.256514134333333
mp-1183045.cif,-2.730187883916666
mp-1013734.cif,-0.7453791680000001
mp-1183282.cif,-2.0267104402500005
mp-1186346.cif,-1.992425164
mp-1016836.cif,-0.9600298232500002
mp-1183145.cif,-2.2377187817499995
mp-1013554.cif,-0.8476348056666666
mp-1013553.cif,-0.7772213916666665
mp-1076368.cif,-1.6227752672499989
mp-1016926.cif,-0.7107144592499999
mp-1187202.cif,-1.701633760583333
mp-1188011.cif,-2.86796391825
mp-1206822.cif,-0.992460585
mp-1076732.cif,-1.6765655998500002
mp-1185320.cif,-1.2507425499166664
mp-1070713.cif,-0.1551930669999997
mp-1184960.cif,-1.4502506178500003
mp-1186801.cif,-2.1185151092500005
mp-1017631.cif,-0.5442698488333327
mp-10601.cif,-0.4781912369999993
mp-1183436.cif,-1.5300627862499994
mp-1206344.cif,-1.3432501184195396
mp-1187460.cif,-2.279176895250001
mp-1013584.cif,-0.6743203639999997
mp-10140.cif,-0.3566117194999997
mp-1185417.cif,-1.8045377779166665
mp-1016876.cif,-2.115085353250001
mp-1206123.cif,-0.2054928009999997
mp-1185613.cif,-1.204544767916667
mp-1040467.cif,-1.5210085587500004
mp-1187260.cif,-2.510975249250001
mp-1120765.cif,-1.6965135752500005
mp-1076070.cif,-2.4003980822500006
mp-1206518.cif,-1.5481723734999997
mp-1016826.cif,-1.1948353952499993
mp-1183283.cif,-2.8961656272500007
mp-1183310.cif,-2.78027440725
mp-1016903.cif,-1.56402776025
mp-10279.cif,1.1875562349999995
mp-1110999.cif,-1.1892524115
mp-1016846.cif,-2.4814123899166667
mp-1184491.cif,-3.13871456725
mp-1016851.cif,-0.8291090902499996
mp-1183715.cif,-0.44900111225
mp-1183447.cif,-0.8508348022500002
mp-1013545.cif,-0.911572725
mp-1076820.cif,-1.3528671842500004
mp-1186557.cif,-3.31228451675
mp-10271.cif,-0.0173012184999997
mp-1206415.cif,-0.2718088918333329
mp-10060.cif,-0.6251817278333334
mp-1183417.cif,-0.780691895583334
mp-1183790.cif,-2.83042054725
mp-1184625.cif,-2.0223048150833334
mp-1187352.cif,-2.2961821492499994
mp-1184736.cif,-2.21809051925
mp-1187347.cif,-2.7647931872500005
mp-1184411.cif,-2.48961151125
mp-1017557.cif,-0.9900153070000002
mp-1069273.cif,1.0460854490000002
mp-1186927.cif,-0.91251818725
mp-1207169.cif,-0.514891703
mp-1096927.cif,-2.6420579415862067
mp-1069296.cif,-1.4734649777499995
mp-1187736.cif,-3.1066331499166666
mp-1040464.cif,-1.6200987025603453
mp-1206996.cif,-1.47416557075
mp-1184042.cif,-0.6976171930833331
mp-1207153.cif,-0.4048053350000004
mp-1185357.cif,-2.3845080509166663
mp-1068742.cif,-3.614668406583333
mp-1185009.cif,-1.6301371018499993
mp-1018636.cif,0.1199145194999999
mp-1187533.cif,-1.368815540916667
mp-1183918.cif,-2.2279943498362065
mp-1183685.cif,-3.1800766612500007
mp-1183479.cif,-1.4169183352500003
mp-11652.cif,-1.8439418597499997
mp-1185311.cif,-1.667498999916667
mp-1207074.cif,-0.6074952705000015
mp-1186133.cif,-1.6992495395603449
mp-1187529.cif,-1.8628673179166668
mp-1183539.cif,-2.89942734725
mp-1207091.cif,0.5111324889999999
mp-1075902.cif,-1.98465757125
mp-1183403.cif,-1.6422116002499998
mp-1013705.cif,-0.3174320729999998
mp-1206138.cif,-0.1085455834999997
mp-1184023.cif,-1.1277120285833326
mp-1018645.cif,-0.2622463428333333
mp-1187416.cif,-2.390121403083333
mp-1206767.cif,-0.3105206169999988
mp-1186812.cif,-3.318607513916666
mp-1183194.cif,-0.8229278084166666
mp-1016835.cif,-2.0622185932500003
mp-1016842.cif,-2.1209262449166664
mp-1187779.cif,-1.84722586825
mp-1183133.cif,-1.20151542725
mp-1017629.cif,-0.2593502430000001
mp-1016819.cif,-2.4419808312500004
mp-1013549.cif,-0.8027557430000002
mp-1016871.cif,-2.1943626162499994
mp-1018647.cif,-0.6689595129999993
mp-1185261.cif,-0.7062217539166668
mp-10041.cif,1.4297124124999996
mp-1187570.cif,-1.69577856725
mp-1212637.cif,-0.2248484704999995
mp-1075975.cif,-2.123302194249999
mp-1187530.cif,-0.2032693669166661
mp-1013548.cif,-1.203127009
mp-1185498.cif,-3.108341951000001
mp-1016831.cif,-0.6106083302500004
mp-1183920.cif,-3.4668278108362074
mp-1184484.cif,-2.88325767125
mp-1184546.cif,-2.6898065530833337
mp-1080187.cif,-1.0467741138362072
mp-1018646.cif,-0.5734797589999999
mp-1184349.cif,-0.3649624912500009
mp-1017553.cif,-0.0431175959999997
mp-1187561.cif,-2.47017119475
mp-1186216.cif,-2.0104882232500003
mp-1183695.cif,-1.4010899362499998
mp-1112174.cif,-1.1580812926
mp-1184117.cif,-0.9185947112500004
mp-1016873.cif,-3.667384701250001
mp-1055491.cif,-2.130618128333333
mp-1186893.cif,-1.65057477175
mp-1185310.cif,-2.236719963916665
mp-1184206.cif,-2.0470392807500004
mp-1186320.cif,-2.381429852
mp-1185614.cif,-2.84886686725
mp-1016852.cif,-2.3569687968362074
mp-1209203.cif,1.6577947095000003
mp-1187621.cif,-1.6448745379166667
mp-1185490.cif,-1.754800533249999
mp-1068795.cif,-0.0933940204999999
mp-1206367.cif,-1.40786246475
mp-10250.cif,-3.742865088166666
mp-1099619.cif,-2.610860828836208
mp-1094118.cif,0.0270680737413798
mp-1207055.cif,-0.4445114477586216
mp-1186167.cif,-2.359126618560345
mp-1184939.cif,-0.7547323605166667
mp-1183298.cif,-2.37260022825
mp-1069774.cif,-0.5434239958333336
mp-1183476.cif,-1.0098826152500002
mp-1187421.cif,-3.459654162250001
mp-1183701.cif,-3.056778816250001
mp-10039.cif,-0.1465292564999998
mp-1016837.cif,-1.1816342032500002
mp-1183176.cif,-1.3872194832500009
mp-1209227.cif,-2.3108101595
mp-1184051.cif,-1.1031954652500005
mp-1184913.cif,-1.1992298982499996
mp-1187465.cif,-2.313068334916667
mp-1183150.cif,-2.86900975975
mp-1184486.cif,-3.2420574332499994
mp-1185564.cif,-1.6092451848362077
mp-1183168.cif,-3.141832471750001
mp-1188081.cif,-2.1620242232500004
mp-1183532.cif,-2.23539106125
mp-1013709.cif,0.2907086719999995
mp-1183285.cif,-2.28075567725
mp-1183393.cif,-1.7009485339166666
mp-1016840.cif,-0.8531150302500002
mp-1013561.cif,-0.915171057
mp-1185414.cif,-2.395005085916666
mp-1183540.cif,-1.8028914552500008
mp-1068786.cif,-0.1169275219999988
mp-1185941.cif,-1.7339956402499994
mp-1186787.cif,-2.79908159525
mp-1187145.cif,-3.029853726583333
mp-1184471.cif,-1.81933363325
mp-10606.cif,-0.3403614671666666
mp-1183154.cif,-2.1920820792500004
mp-1184348.cif,-2.0061519932500005
mp-1206121.cif,-0.2150534194999991
mp-1016823.cif,-2.46440117825
mp-1068340.cif,-1.4995879365862073
mp-1187518.cif,-2.50864006825
mp-1017467.cif,-2.419726756836208
mp-1183878.cif,-1.690104499249999
mp-1184669.cif,-3.133317581
mp-1013642.cif,-0.8560920436666664
mp-1187746.cif,-1.4869293342500007
mp-1184468.cif,-2.8741741442500013
mp-1186764.cif,-2.4570497425833344
mp-1214407.cif,-1.574706519083334
mp-10036.cif,-0.2298058725000004
mp-1207084.cif,-0.1813689814999996
mp-1184400.cif,-2.410123757250001
mp-1080799.cif,-0.2480613224999991
mp-1017465.cif,-2.7912361192500006
mp-1183905.cif,-3.1473501632500005
mp-1187483.cif,-0.6591835159166664
mp-1040471.cif,-2.019523498560345
mp-1211589.cif,-2.5652433926
mp-1184383.cif,-1.482924193250001
mp-1185401.cif,-2.262667611916666
mp-1013733.cif,-0.6556349659999995
mp-1184219.cif,-1.9974728339166667
mp-1186198.cif,-0.853539116560345
mp-1207081.cif,-0.2692790279195403
mp-1188026.cif,-2.085164873083333
mp-1186533.cif,-2.8864854177499994
mp-1097006.cif,-0.1069686156000003
mp-1186948.cif,-1.56453471325
mp-10706.cif,-0.3264630615000001
mp-1183911.cif,-1.131483349836207
mp-1185404.cif,-2.3010489569166674
mp-1187745.cif,-2.64610927425
mp-11822.cif,-0.8072252419999998
mp-1184215.cif,-0.8889191402500003
mp-1100778.cif,-0.5418636512499994
mp-1016849.cif,-1.08731303925
mp-1183681.cif,-1.0738952762500005
mp-1184309.cif,-3.2421587832500003
mp-1185896.cif,-1.79428986725
mp-1017591.cif,-2.12221301725
mp-1207179.cif,-2.0179700322500005
mp-1018644.cif,-0.7319254411666669
mp-1184353.cif,-3.191913032583334
mp-1016999.cif,-2.594421469583333
mp-1076000.cif,-1.8889146675833344
mp-1184944.cif,-2.31417894585
mp-1016853.cif,-2.8320323372500007
mp-1186662.cif,-2.67795643275
mp-10175.cif,-2.6884609681
mp-1068011.cif,0.217934609666667
mp-1207078.cif,-0.5625987510000001
mp-1187752.cif,-3.0531460962500008
mp-1184959.cif,-1.3353097011833337
mp-1013542.cif,0.6565928069999998
mp-9200.cif,-0.8925566175500002
mp-1112985.cif,-1.9205814850862069
mp-973486.cif,-2.76614353725
mp-976331.cif,-2.193273853916666
mp-1206401.cif,-0.3725885245000001
mp-1094052.cif,-0.8887447979999997
mp-20978.cif,1.6227107978333335
mp-1184447.cif,-2.4306373002499995
mp-20543.cif,1.4134542225000004
mp-3448.cif,-3.5478812441
mp-10351.cif,1.189176031000001
mp-1186600.cif,-2.827708096749999
mp-1016879.cif,-2.16928971125
mp-1186471.cif,-1.9842390982499996
mp-1207184.cif,-1.8966041932500004
mp-6951.cif,-2.705757673
mp-1187576.cif,-2.71287343075
mp-1184234.cif,-0.6978621085833332
mp-1206516.cif,-0.5752419034999996
mp-3323.cif,-3.6081002205833337
mp-1184563.cif,-2.88778275425
mp-973648.cif,-0.46771129125
mp-1069129.cif,0.0606199194137929
mp-975364.cif,-0.6599174227500001
mp-1016931.cif,-1.6811135472499998
mp-1183043.cif,-2.220752923249999
mp-1147577.cif,-2.93940580325
mp-1184022.cif,-2.1896879758362067
mp-1183142.cif,-3.0086466957499995
mp-972978.cif,-2.5266148542500004
mp-1013708.cif,0.4709476410000001
mp-1186126.cif,-1.0689929415603443
mp-1183415.cif,-1.18893572525
mp-1187577.cif,-2.8505549325833344
mp-1183288.cif,-2.16470751325
mp-1206912.cif,-0.5458201809999992
mp-1184965.cif,-2.523604560249999
mp-1183160.cif,-2.24476602925
mp-10275.cif,1.6082480924999998
mp-1187479.cif,-3.2950978012500003
mp-1186110.cif,-3.2918159630000003
mp-1080233.cif,-2.65210065091954
mp-1184204.cif,-2.7875145912499995
mp-1186199.cif,-1.4798619665603447
mp-1068377.cif,-2.6044214235862078
mp-1016902.cif,-1.2687075302500006
mp-1206911.cif,-0.2456073375000002
mp-10611.cif,-0.4284820424999999
mp-1187310.cif,-2.90191816025
mp-1186403.cif,-2.622387903250001
mp-10376.cif,-0.1778220439999998
mp-10609.cif,-0.6695568044999994
mp-1183972.cif,-1.3857342301695403
mp-1186134.cif,-1.2973151845603446
mp-1013531.cif,0.6222074209999999
mp-1187572.cif,-2.675664143250001
mp-1017556.cif,-0.0821793889999995
mp-1183406.cif,-2.47544065525
mp-1183922.cif,-2.1506919943362077
mp-10699.cif,-0.5521885675000007
mp-1096862.cif,-0.2896611530000001
mp-1017577.cif,-1.0037206490000004
mp-1206341.cif,-2.076262824749999
mp-1075911.cif,-2.75707785275
mp-1018629.cif,-0.2513111308333336
mp-10134.cif,-0.6412664431666663
mp-1076782.cif,-1.83141590425
mp-1184481.cif,-2.247125961249999
mp-1068389.cif,0.5170334074999999
mp-1186345.cif,-0.1435828812499998
mp-1184162.cif,-1.77003566925
mp-1210555.cif,-0.0441332907586215
mp-1185692.cif,-1.81333868225
mp-1013588.cif,-0.9606177126666664
mp-1206999.cif,-0.466555116
mp-1016881.cif,-1.49962807625
mp-1207302.cif,-2.1021698150862065
mp-1013691.cif,-0.8554276866666661
mp-10198.cif,-0.30100612375862
mp-1183977.cif,-2.3620244935028736
mp-1183997.cif,-2.9671082988362065
mp-1069270.cif,-0.2209019769999997
mp-1070440.cif,-2.0129176652500007
mp-1094009.cif,-1.5420251159166676
mp-1184164.cif,-2.81638009475
mp-1206878.cif,-0.4165621349999995
mp-1096764.cif,-0.3174130846666664
mp-1016874.cif,-1.7220104542500003
mp-1111868.cif,-1.8906910381
mp-1076633.cif,-2.1947174878500006
mp-1080231.cif,-1.6562699602528732
mp-1186400.cif,-2.30378653825
mp-10133.cif,-0.5203631508333331
mp-1185313.cif,-2.1054858179166667
mp-1099873.cif,-1.70121123725
mp-1017446.cif,-2.67820662125
mp-1213642.cif,-2.65217505891954
mp-1184562.cif,-1.45695239025
mp-1183291.cif,-3.1653510012499995
mp-1017563.cif,0.3485878089999999
mp-1023129.cif,-1.4491636485999997
mp-1070737.cif,0.1891751429500004
mp-1099588.cif,-2.58219682025
mp-1068577.cif,-2.79469878925
mp-1183221.cif,-0.2942711310833331
mp-1004524.cif,0.0071103309999998
mp-1185847.cif,-1.6589005272500004
mp-1187191.cif,-3.1879038755833333
mp-1186154.cif,-0.7502801605603444
mp-1013714.cif,-0.461621409
mp-1183706.cif,-2.7935649198362063
mp-1110791.cif,-1.3228079974999996
mp-1206970.cif,-3.56338174985
mp-11775.cif,-3.30534849675
mp-1183917.cif,-1.7787066328362071
mp-1183397.cif,-0.9160808880833344
mp-1021667.cif,0.0310039687499994
mp-1183983.cif,-0.6515520267500001
mp-1187784.cif,-2.222385125083333
mp-1096800.cif,-3.74724493125
mp-1187655.cif,-2.3084070755833337
mp-1183919.cif,-2.1279018038362074
mp-1013534.cif,0.4529686910000002
mp-1186597.cif,-2.43810318675
mp-1186669.cif,-2.27976720275
mp-10708.cif,-0.3559737525000003
mp-1184954.cif,-2.296978923850001
mp-1184610.cif,-2.89271165025
mp-1206360.cif,0.1827543564999999
mp-1183759.cif,-3.08341598225
mp-1186997.cif,-1.6756221772499995
mp-1185889.cif,-1.4206450052500004
mp-1184148.cif,-2.88842970425
mp-10700.cif,-0.1363279675000001
mp-10274.cif,1.1865931450000005
mp-1016880.cif,-0.68608584125
mp-1184833.cif,-1.99051443325
mp-1187146.cif,-1.4220654605833332
mp-1013558.cif,-0.9740149006666664
mp-1184946.cif,-0.9430872858499996
mp-1184937.cif,-1.5167299208499998
mp-1206915.cif,-0.848560143833334
mp-1186886.cif,-0.4756800077499996
mp-1099591.cif,-2.2384300645603448
mp-1206715.cif,-0.1465771858333326
mp-1183499.cif,-1.39283871425
mp-1186885.cif,-1.48774642375
mp-1076642.cif,-1.7127423985603445
mp-1018641.cif,-1.026312463
mp-1206127.cif,-0.2416840004999997
mp-1094072.cif,-0.7855465840000001
mp-10038.cif,1.4452686225
mp-1076800.cif,-1.66392946725
mp-1184799.cif,-1.1366457312500002
mp-1187485.cif,-2.4522386272500016
mp-1187750.cif,-0.834353823250001
mp-1207135.cif,-0.417937774166667
mp-1013533.cif,-0.6370673136666667
mp-1184032.cif,-1.04754745475
mp-1187905.cif,-2.44987001025
mp-1184150.cif,-3.59588556725
mp-1077622.cif,-1.5157242725833329
mp-1184033.cif,-1.01810317475
mp-1185008.cif,-2.21759034635
mp-1186326.cif,-2.210747465750001
mp-504715.cif,-0.4155492659166668
mp-1206991.cif,-0.0750151269999996
mp-21206.cif,0.0671570549999998
mp-1206805.cif,-0.1552440237586211
mp-547864.cif,1.4696892312499998
mp-19845.cif,-2.690131415916666
mp-4593.cif,-0.1915706782586212
mp-1424898.cif,-1.717916576583334
mp-22540.cif,-2.24107798175
mp-3769.cif,-0.8142960758333331
mp-582028.cif,-0.2289358477586219
mp-3163.cif,-2.5882316482499994
mp-19818.cif,-0.5387299634999998
mp-510611.cif,-1.1754340812500004
mp-19899.cif,-0.6275317485000003
mp-18770.cif,-2.8969925385833344
mp-1207079.cif,-0.5171315343333334
mp-29676.cif,-0.3823015634999997
mp-1207995.cif,1.8919076743333345
mp-545783.cif,-2.22288842125
mp-1421498.cif,-1.16328956925
mp-22537.cif,1.4867146695000002
mp-1206983.cif,-0.5493245334999998
mp-546973.cif,-2.5909741675833344
mp-510381.cif,1.7842068330000012
mp-31055.cif,-1.191894172
mp-22394.cif,-0.2897659094999995
mp-20684.cif,1.0757222079999995
mp-21313.cif,-0.1201309307586214
mp-558189.cif,-0.2274363846250004
mp-1426094.cif,-1.35419614025
mp-1207000.cif,-1.6976553772500005
mp-1206990.cif,-1.067038927
mp-19328.cif,-2.111564838560345
mp-2647018.cif,-3.4610597094166664
mp-935811.cif,-2.84417145985
mp-752649.cif,-1.7413187285833338
mp-975255.cif,-0.7748740427499996
mp-7166.cif,1.5908076588333335
mp-973958.cif,-1.53793592985
mp-984454.cif,-0.8016466025166664
mp-5878.cif,-2.8179999301
mp-7961.cif,-1.6445503027500004
mp-985585.cif,-2.06441508375
mp-644483.cif,-0.431050622
mp-984628.cif,-2.0217037830833333
mp-984632.cif,-2.23223034625
mp-975380.cif,-0.72700060875
mp-976848.cif,-0.1618453032499999
mp-627439.cif,-0.3689891012586216
mp-7143.cif,-3.4145038172499995
mp-755572.cif,-3.1316985792500005
mp-984756.cif,-1.329700592836207
mp-976229.cif,-0.4977881291833334
mp-672229.cif,1.998442679741379
mp-865322.cif,-2.9413062679166666
mp-977152.cif,-3.145168835666668
mp-972395.cif,-2.886857311583333
mp-975296.cif,-2.30439408075
mp-865181.cif,-2.6078391462499995
mp-22004.cif,1.206241931833333
mp-3136.cif,-2.805086214560345
mp-12631.cif,-2.454204809583333
mp-19758.cif,1.5812073374999998
mp-998322.cif,-2.652293533086207
mp-971975.cif,-1.3615998715833335
mp-1383356.cif,-2.1120838018750008
mp-972367.cif,-3.2373706872499994
mp-972021.cif,-2.118308362583333
mp-998173.cif,-1.4371652574999996
mp-19778.cif,1.2680974604999995
mp-861873.cif,-2.5810819319166667
mp-19035.cif,-2.14418027325
mp-8557.cif,-3.57064297525
mp-977370.cif,-2.04683610525
mp-975190.cif,-1.573637470083333
mp-753781.cif,-3.72665152525
mp-31149.cif,-1.095965235
mp-552729.cif,-1.37634180585
mp-4230.cif,-0.6216347291666665
mp-971996.cif,-3.058429996583333
mp-998417.cif,-1.89274434891954
mp-1400626.cif,-1.7121814795
mp-22556.cif,1.6366443798333337
mp-975159.cif,-0.8817925747499998
mp-972442.cif,-1.2365572260833333
mp-866816.cif,-0.9079607428750002
mp-22981.cif,-0.9815477579166668
mp-21128.cif,0.7485016170000002
mp-21888.cif,1.5066567995000006
mp-8368.cif,1.2168788640000003
mp-989602.cif,-0.9514500689999992
mp-975138.cif,-2.0417092207500005
mp-982975.cif,-1.3473726269166668
mp-7752.cif,-1.0300624230000004
mp-1475723.cif,-2.369842129916667
mp-20922.cif,1.1887465369999994
mp-976446.cif,-1.8823315628362067
mp-22120.cif,-0.484829422833333
mp-20229.cif,1.5810584915
mp-862606.cif,-2.5499123822500005
mp-975333.cif,-1.650331045916667
mp-998535.cif,-1.3670909019999995
mp-5229.cif,-3.55212058125
mp-4170.cif,-3.054823912560346
mp-998344.cif,-1.2919883329195403
mp-976258.cif,-1.7501921892500008
mp-7375.cif,-2.85708521185
mp-971700.cif,-0.1547554652499997
mp-972184.cif,-0.9570427752500008
mp-9040.cif,-0.8294719830000006
mp-3710.cif,-0.8051893158333329
mp-20325.cif,-0.5443639494999999
mp-998352.cif,-2.111991445875
mp-976763.cif,-0.5275916522500005
mp-975346.cif,-1.378851534336207
mp-6952.cif,-3.894821423
mp-8397.cif,-3.67316985841954
mp-975361.cif,-2.31937023475
mp-22246.cif,-3.5563691614166677
mp-975299.cif,-1.2536740327499998
mp-3686.cif,-0.6106245318333329
mp-977184.cif,-2.041626151999999
mp-998230.cif,-1.6771398216666662
mp-973930.cif,-2.970210454
mp-1223446.cif,-1.3755467338500005
mp-975207.cif,-2.19894691975
mp-975373.cif,-0.6515663387499998
mp-19726.cif,-0.3975868948333328
mp-985586.cif,-1.6444285116810344
mp-21076.cif,-0.2104656655000013
mp-998398.cif,-1.099480689
mp-984357.cif,-0.4188030594362068
mp-998744.cif,-1.2530651836666666
mp-981250.cif,-2.944352704250001
mp-978493.cif,-2.12669620025
mp-998231.cif,-1.6316517836
mp-20362.cif,-0.2133914777586198
mp-1223812.cif,-1.6342619195500006
mp-8399.cif,-2.7090608710862063
mp-1385732.cif,-1.2714513734999997
mp-579496.cif,-0.2516864389999981
mp-998762.cif,-2.5991811277528734
mp-2647024.cif,-1.540396807586207
mp-1433892.cif,-1.40396128525
mp-19257.cif,-2.9745535802500003
mp-1403003.cif,-0.6753179659166662
mp-1417649.cif,-1.4520995452500003
mp-998151.cif,-2.1889205886666665
mp-16287.cif,-0.3860977689999998
mp-974061.cif,-2.1454421618500006
mp-3717.cif,-0.832442331833333
mp-5246.cif,-2.85695064185
mp-22979.cif,-1.7484672107500003
mp-1436662.cif,-3.3673045952500003
mp-3271.cif,-0.5920629874999989
mp-8398.cif,-3.890551881086207
mp-15856.cif,-0.5052948875000013
mp-9721.cif,-1.70490652875
mp-998307.cif,-1.2886002775862069
mp-636273.cif,0.8807330069999999
mp-23026.cif,-1.3433583255862072
mp-998391.cif,-1.4453437041666668
mp-998227.cif,-2.94818704785
mp-865218.cif,-3.636964475916666
mp-998325.cif,-1.7996431294999995
mp-973968.cif,-0.5051734671603448
mp-23949.cif,-0.4811153024999995
mp-977412.cif,-2.01039893125
mp-998358.cif,-2.7580857688333333
mp-22263.cif,1.0915646274999995
mp-20337.cif,-2.84402165525
mp-1402304.cif,-2.155923758583333
mp-16334.cif,-0.1977139309999984
mp-998308.cif,-1.979606956586207
mp-972116.cif,-0.6475694212500016
mp-20097.cif,0.3905449085
mp-20750.cif,1.4489174335
mp-9061.cif,-2.1147378481
mp-866095.cif,-2.398184602250001
mp-976923.cif,-2.0778731955603447
mp-989497.cif,-1.203873347999999
mp-19062.cif,-2.9994919647500007
mp-984051.cif,-1.2853853618362074
mp-614013.cif,-1.214439118586207
mp-2930.cif,-0.0314974742586215
mp-973471.cif,-2.08751755685
mp-973738.cif,-1.0114343020833332
mp-12572.cif,-0.1935437075000003
mp-998234.cif,-2.4520765917528733
mp-1245828.cif,1.282557045
mp-16290.cif,-0.0594594654999994
mp-975564.cif,-2.359631319083333
mp-20530.cif,-2.9719559342500004
mp-975134.cif,-1.1891898658500004
mp-29056.cif,-0.3200725984999998
mp-974740.cif,-1.8960712607499992
mp-977389.cif,-2.3357207562500006
mp-22087.cif,-0.0765722135000004
mp-972296.cif,-1.232324691250001
mp-1207194.cif,0.2538030130000003
mp-1206844.cif,-3.53730298875
mp-983513.cif,-2.1869127487499997
mp-973123.cif,-1.5412872682499994
mp-978504.cif,-2.9136645537499994
mp-1412222.cif,-2.2905692141666667
mp-975394.cif,-1.0493350797500007
mp-1206514.cif,-0.8070416819999998
mp-977408.cif,-2.3650006759166664
mp-973869.cif,-2.07323623225
mp-972058.cif,-3.027266742583333
mp-8578.cif,-0.6685445764999998
mp-505571.cif,-0.2085801627586207
mp-31157.cif,0.4801159470000001
mp-998153.cif,-1.0508834536666662
mp-983564.cif,-2.267981158250001
mp-1206894.cif,-0.4820026714999997
mp-37214.cif,-1.602117228836207
mp-7986.cif,-2.485227970249999
mp-1210575.cif,-1.5953921128333337
mp-8558.cif,-3.377697039
mp-15805.cif,-0.2762041157586196
mp-510380.cif,-0.1755092577586197
mp-978926.cif,-2.45967347925
mp-1207172.cif,-3.3308149905833337
mp-1207083.cif,-1.0824363242500006
mp-29725.cif,-0.7739991231666664
mp-975274.cif,-0.5067735720603451
mp-1207180.cif,-1.8675298092499992
mp-20501.cif,1.5435451824999986
mp-998749.cif,-2.2694142806
mp-21850.cif,0.0692134655000003
mp-20446.cif,0.3430912855000002
mp-865927.cif,-3.608399114416668
mp-570008.cif,-0.9434717990000004
mp-975173.cif,-2.268129272083334
mp-974734.cif,-1.28119227185
mp-1206910.cif,-1.6368318458333335
mp-998366.cif,-1.13676918196875
mp-606671.cif,1.684588546
mp-978952.cif,-1.76175424825
mp-5200.cif,-0.671228644833333
mp-978490.cif,-1.564208871249999
mp-975463.cif,-2.22754085125
mp-989564.cif,-0.5602430819999995
mp-861502.cif,-2.77230284175
mp-20860.cif,-0.0162410432586213
mp-1209191.cif,-1.8284093715
mp-973977.cif,-2.13562646825
mp-998554.cif,-1.3949687079333335
mp-4126.cif,-3.34006742185
mp-998710.cif,-1.829065697166667
mp-975596.cif,-1.1719575352500002
mp-7144.cif,-0.2565420924999998
mp-23037.cif,-1.881022539586207
mp-998568.cif,-1.2307758259333332
mp-20963.cif,1.6116486724999994
mp-570822.cif,-0.3568187715000001
mp-30056.cif,-2.356895221586207
mp-20164.cif,1.9169623482413791
mp-1418929.cif,-1.592113705916668
mp-559946.cif,-2.4529325391000008
mp-20550.cif,1.7618698974999991
mp-554973.cif,-1.9032640121666664
mp-2647102.cif,-2.095999419249999
mp-556891.cif,-2.5094717001
mp-758371.cif,-3.203787335250001
mp-973396.cif,-1.19826386685
mp-975425.cif,-1.3612915037500002
mp-974842.cif,-0.9556497078499996
mp-973447.cif,-1.2474491638500005
mp-21854.cif,1.6052582433333336
mp-642739.cif,-1.4989635465862072
mp-23818.cif,-0.6109562476666668
mp-570223.cif,-1.487072404586207
mp-600089.cif,-1.6783714855862069
mp-975206.cif,-1.7999744147500003
mp-975990.cif,-0.7395967612270112
mp-571458.cif,-1.0523381525000002
mp-973919.cif,-1.6427945430000008
mp-28166.cif,-1.5938328715500003
mp-983578.cif,-1.375373328836207
mp-977107.cif,-1.523224144560345
mp-4783.cif,-2.8948192722500004
mp-978842.cif,-2.1791328145833333
mp-22351.cif,-0.0295201314999985
mp-22513.cif,1.617325907833333
mp-973156.cif,-1.7526759392499998
mp-558694.cif,-2.4394510310862074
mp-863708.cif,-3.02093993785
mp-976320.cif,-2.360392452250001
mp-22502.cif,-0.2187046477586207
mp-9960.cif,-0.489332504166667
mp-1504764.cif,-2.9216734925833334
mp-781625.cif,-2.03981065725
mp-9834.cif,-1.6218260762499994
mp-998235.cif,-2.452634499752873
mp-30055.cif,-1.51744370225
mp-21017.cif,-0.5700360695000001
mp-20273.cif,-1.6895670957499995
mp-998194.cif,-1.5347605674999998
mp-998350.cif,-1.8429590454062497
mp-20388.cif,1.5598886575000002
mp-4505.cif,-0.8344309640000006
mp-975216.cif,-1.9747094377500003
mp-756315.cif,-2.936535017250001
mp-998525.cif,-2.36692780025
mp-560399.cif,-3.458269922810345
mp-4563.cif,-0.4411392421666676
mp-9060.cif,-2.119219071
mp-998241.cif,-2.5056638770862074
mp-573180.cif,-2.52916055325
mp-2976.cif,-0.539530774833333
mp-973818.cif,-2.248339435916667
mp-976293.cif,-0.6201900205603451
mp-18841.cif,-3.105929896250001
mp-3693.cif,-0.6309744998333329
mp-975347.cif,-2.49217649975
mp-580234.cif,-0.146462649
mp-998198.cif,-2.3103129495
mp-569875.cif,-0.7533863268333334
mp-571330.cif,-0.1861284640000001
mp-972839.cif,-1.0003435730833332
mp-22350.cif,1.1160702635
mp-4551.cif,-3.780757668583333
mp-976722.cif,-1.5011783952499995
mp-975387.cif,-1.28024905275
mp-998420.cif,-1.7308360485999998
mp-541365.cif,-0.6192481396666665
mp-754678.cif,-3.2716844532500007
mp-976185.cif,-1.3305830255603452
mp-998605.cif,-1.8286296054999995
mp-998160.cif,-2.001224445166668
mp-975443.cif,-0.9082496812499996
mp-21028.cif,1.6280062898333334
mp-3591.cif,-0.6962872313333335
mp-975421.cif,-0.4565752480833332
mp-22519.cif,-0.3618790864999994
mp-567939.cif,-2.2894076425862067
mp-979436.cif,-1.8561328165833344
mp-981132.cif,-2.40259805025
mp-566131.cif,-2.9069775221
mp-866030.cif,-3.07824066325
mp-567703.cif,-0.1267514449999978
mp-867195.cif,-2.0677133705833333
mp-19836.cif,1.6127153258333329
mp-982040.cif,-1.4945829598499998
mp-976727.cif,-1.9335058682500008
mp-21910.cif,1.0773521945
mp-975208.cif,-1.4391856407500008
mp-975288.cif,-3.0783086045000005
mp-3022.cif,-0.618371165833333
mp-984745.cif,-1.531331741836207
mp-27193.cif,-1.38342217275
mp-975913.cif,-2.92962049425
mp-21862.cif,0.1033816505000004
mp-21292.cif,1.6183911865000007
mp-568021.cif,-0.4313816074999998
mp-505628.cif,-0.3624814029999996
mp-19322.cif,-2.51755947125
mp-971733.cif,-1.1487385447500005
mp-998415.cif,-1.1723692080549573
mp-865424.cif,-3.220113108836208
mp-28602.cif,-1.7093824956810344
mp-21135.cif,-1.5214020867499998
mp-7070.cif,-0.3811791317586198
mp-3088.cif,-0.6978622008333332
mp-755877.cif,-2.93268975675
mp-1975771.cif,-1.4189107948333333
mp-975322.cif,-1.1652705027500003
mp-971706.cif,-1.2224709332500006
mp-975579.cif,-2.87107709175
mp-975291.cif,-0.6973007354166668
mp-31056.cif,-1.0689111070000004
mp-20967.cif,-0.5989662898333336
mp-998732.cif,-1.3173467766666664
mp-998739.cif,-3.0852172061666665
mp-977176.cif,-1.9766675135603449
mp-21280.cif,-2.0825948652499995
mp-984082.cif,-2.2696147848362065
mp-998157.cif,-1.5628369485
mp-7167.cif,-0.4326697785000007
mp-973830.cif,-2.33037938985
mp-981376.cif,-2.27144191325
mp-984554.cif,-1.0645641590833337
mp-9833.cif,-1.59254538975
mp-972066.cif,-2.9470168992499994
mp-19053.cif,-3.1028064402500006
mp-3654.cif,-3.718474268999999
mp-977112.cif,-1.3082994138936783
mp-1416619.cif,-1.9191664065833336
mp-973136.cif,-2.2913902909166666
mp-1435972.cif,-2.375183945583333
mp-3846.cif,-0.5622185288333327
mp-754524.cif,-3.4992100989166666
mp-974337.cif,-1.3059536892500003
mp-542103.cif,-0.4929285454999998
mp-635460.cif,2.2238222570000006
mp-975521.cif,-2.83996541875
mp-982558.cif,-2.3565756762500003
mp-9964.cif,-0.8262167736666669
mp-1418444.cif,-0.2536764345833333
mp-1431390.cif,-2.44527444725
mp-579768.cif,-2.22948604491954
mp-14099.cif,-2.001845096833333
mp-976283.cif,-2.2383473712500006
mp-19253.cif,-2.9988142067500005
mp-975179.cif,-0.7899573514166669
mp-978851.cif,-2.2772467015833326
mp-13819.cif,-2.119451931433333
mp-1413511.cif,-0.8994953672499996
mp-979272.cif,-0.5932856365833338
mp-973267.cif,-1.987450188850001
mp-8370.cif,0.0880647615
mp-28873.cif,-1.079035388836207
mp-7104.cif,-3.722858569086206
mp-637179.cif,0.6712850659999997
mp-20951.cif,-2.335253174249999
mp-982245.cif,-0.6036838952499999
mp-31057.cif,-1.0781021549999998
mp-975384.cif,-1.4583009787499996
mp-19353.cif,-3.00730947825
mp-510377.cif,-0.4699601818333335
mp-19944.cif,-1.5880365537500003
mp-973613.cif,-2.546795778916666
mp-1239170.cif,-1.8995698002500008
mp-984240.cif,-1.4863828548362066
mp-754046.cif,-1.772563282916667
mp-984552.cif,-1.1931515582500003
mp-866820.cif,-0.3830170408750007
mp-3183.cif,-0.7960196278333342
mp-5438.cif,-0.8236279111666661
mp-4405.cif,-0.81626954625
mp-20424.cif,-0.0695874965000015
mp-981934.cif,-2.9204099312500005
mp-4950.cif,-3.7010561501
mp-19958.cif,1.5266930465000002
mp-24419.cif,-0.1320074489999999
mp-642690.cif,-1.093871618586207
mp-975200.cif,-1.3601421040833337
mp-21186.cif,1.7491056842413784
mp-973579.cif,-1.357449325249999
mp-973068.cif,-1.8382649402499995
mp-9831.cif,-1.6874276277500002
mp-1427680.cif,-1.4578015792500003
mp-972222.cif,-2.1088165402499994
mp-545712.cif,-3.140237851916668
mp-28593.cif,-1.9512906817499995
mp-1412687.cif,-2.172690059583334
mp-19769.cif,-1.057309309
mp-5663.cif,-3.5510383762500006
mp-755018.cif,-2.9823583587499995
mp-21392.cif,1.5911136665
mp-20031.cif,-2.4485937897499994
mp-998761.cif,-2.182433398166667
mp-20423.cif,1.4177270049999997
mp-977100.cif,-0.7646379892500008
mp-1212650.cif,-0.0597803859999999
mp-5323.cif,-3.6047590182499993
mp-555123.cif,-3.0191048296862064
mp-2929.cif,-3.0961442972499995
mp-580539.cif,-0.340943325500001
mp-31058.cif,-1.0847373150000004
mp-5811.cif,-2.781120545086207
mp-8020.cif,-3.598313908916667
mp-545522.cif,-1.4746049102499996
mp-981367.cif,-1.6273862432499997
mp-20182.cif,-0.4611472274999997
mp-22549.cif,-2.442726505249999
mp-998195.cif,-1.7340569614999992
mp-21319.cif,1.812704288833333
mp-4079.cif,-0.5942279285000005
mp-558749.cif,-3.0149069225862064
mp-976952.cif,-2.927076472560344
mp-866036.cif,-2.1673122792499995
mp-545379.cif,-1.3340416532500008
mp-22535.cif,-2.96000219325
mp-20040.cif,-0.5080961778333333
mp-976133.cif,-1.5872780555603447
mp-550008.cif,-2.458886294250001
mp-2695837.cif,-2.453516131752873
mp-975292.cif,-1.9536602527499995
mp-972160.cif,-2.35516061325
mp-20572.cif,-2.904404498810346
mp-972931.cif,-2.542842355250001
mp-557257.cif,-3.0446895221000005
mp-973655.cif,-2.71654977325
mp-510382.cif,1.9854787690000013
mp-975284.cif,-1.20618138675
mp-978862.cif,-3.033029024583334
mp-973536.cif,-3.050108803250001
mp-985292.cif,-0.5494537004166666
mp-574239.cif,1.4560400645000002
mp-552676.cif,-2.7236806862500003
mp-1422819.cif,-2.5056709430862063
mp-558843.cif,-1.1834666138500003
mp-974581.cif,-1.2221644142499997
mp-984723.cif,-3.62011074925
mp-978489.cif,-2.1727379212500004
mp-865758.cif,-2.76598629425
mp-22364.cif,-1.7387665652500004
mp-29242.cif,-1.4926419857500002
mp-1228834.cif,-1.522743950586207
mp-998201.cif,-1.420878948833333
mp-7114.cif,1.4718745794999997
mp-632808.cif,0.0096316743333332
mp-675022.cif,-1.8775600395862064
mp-976284.cif,-2.31236605325
mp-20992.cif,-0.3231383485000002
mp-1946459.cif,-1.2895099069195404
mp-555036.cif,-2.847273002100001
mp-554601.cif,-2.329106443
mp-23080.cif,-2.442909027249999
mp-989601.cif,-1.199046349999999
mp-22345.cif,-0.6713622159166668
mp-998323.cif,-1.5816418155862066
mp-8577.cif,-0.6719668379999995
mp-20430.cif,1.6550120264999997
mp-22593.cif,-2.965509474250001
mp-3428.cif,-0.5852505228333336
mp-644203.cif,-0.4839256125862065
mp-5827.cif,-3.492382935916667
mp-1416557.cif,-0.8952494872500004
mp-613384.cif,0.5802867591637927
mp-866101.cif,-3.13973550575
mp-28171.cif,-1.468812477549999
mp-561598.cif,-1.01444146925
mp-33365.cif,-2.8922972717500004
mp-20459.cif,-2.7313531619166667
mp-7482.cif,-2.23238786
mp-864606.cif,-2.42365579975
mp-975385.cif,-0.5985917445833338
mp-21233.cif,-0.9320973869999988
mp-644246.cif,-0.5273384289999996
mp-546910.cif,-1.2455479742500004
mp-561947.cif,-2.2519840180862065
mp-19847.cif,-1.0908168429999996
mp-1395974.cif,-1.7527390992500016
mp-4346.cif,-2.1506229425833334
mp-20427.cif,-2.38977334325
mp-22793.cif,-0.1602129014999988
mp-1421511.cif,-1.27139573325
mp-973892.cif,-3.322450747250001
mp-5893.cif,-3.204593773250001
mp-998297.cif,-2.38151848291954
mp-28377.cif,-1.102511392586207
mp-22496.cif,1.2700786518333331
mp-22664.cif,-0.5166087994999998
mp-754940.cif,-1.26554291375
mp-18717.cif,-2.880218058583334
mp-19817.cif,-0.5320403534999997
mp-20590.cif,-0.1700022528333327
mp-21031.cif,0.1943085024999994
mp-974505.cif,-0.9144448855833331
mp-972827.cif,-1.83099859325
mp-976775.cif,-1.3971089625603454
mp-19948.cif,-0.497310272833333
mp-637378.cif,-1.0244582850000017
mp-865120.cif,-3.451220428560346
mp-771055.cif,-3.55385709925
mp-8402.cif,-3.507358195000001
mp-12725.cif,-2.1506196385833327
mp-998154.cif,-0.8678826779999997
mp-19749.cif,1.5703747354999995
mp-754892.cif,-1.5530111642499995
mp-978503.cif,-2.88841963525
mp-977117.cif,-1.5881696238936782
mp-978506.cif,-2.837226276250001
mp-20180.cif,-0.0577440772586214
mp-754941.cif,-2.7250647452500005
mp-22988.cif,-1.7127245685862065
mp-29241.cif,-1.7676214487500004
mp-18747.cif,-2.514191494583333
mp-568005.cif,-2.3962854435862067
mp-973681.cif,-1.88940016325
mp-998414.cif,-1.5464515388333333
mp-5304.cif,-3.71616823825
mp-4342.cif,-2.85495074585
mp-1504314.cif,-0.8497621292499999
mp-1435808.cif,-1.0491270202500005
mp-570231.cif,-1.613093705586207
mp-976968.cif,-0.7727671105603449
mp-998786.cif,-1.696343830166667
mp-998552.cif,-3.7874780272500006
mp-20808.cif,1.5669065959999997
mp-28872.cif,-1.07050413475
mp-1395579.cif,-1.6561874782528734
mp-973960.cif,-2.34146045685
mp-29243.cif,-1.53175960075
mp-979294.cif,-1.3895839059166668
mp-19840.cif,-0.7559659618333328
mp-29677.cif,-0.4101393655000002
mp-1399321.cif,-1.2920081269195405
mp-1239192.cif,-3.1315984122500007
mp-974511.cif,-1.13485073225
mp-998365.cif,-1.8334968648333336
mp-5986.cif,-3.4897929879166663
mp-1434307.cif,-2.7117187221695405
mp-7130.cif,-0.2767319985
mp-5660.cif,-1.8806445332500004
mp-972985.cif,-0.8304207318499998
mp-510376.cif,-0.7609627028333321
mp-998363.cif,-1.2374816072500003
mp-1399724.cif,-1.4313978708362072
mp-3614.cif,-3.0783753718499995
mp-998204.cif,-1.7340653935
mp-974108.cif,-0.9231271032499996
mp-542112.cif,-3.4790453612500003
mp-998176.cif,-1.6233743655
mp-981550.cif,-2.342159548083333
mp-998306.cif,-1.2885412255862063
mp-972822.cif,-0.9896282110833332
mp-3834.cif,-3.63993234525
mp-754696.cif,-3.485200704916667
mp-1410049.cif,-2.4289265836666667
mp-3869.cif,-0.7857067858333338
mp-1416093.cif,-2.4992131105833337
mp-998367.cif,-0.7623436133333342
mp-7159.cif,-0.2912905211666668
mp-1383064.cif,-1.5545748872500007
mp-20679.cif,0.0152569405000008
mp-975427.cif,-1.92613664875
mp-20385.cif,-0.3174878880000001
mp-998159.cif,-2.0706750381666668
mp-998607.cif,-2.4286781956666665
mp-977058.cif,-2.263091348833333
mp-19716.cif,-0.9875392900000002
mp-7223.cif,-1.16005368
mp-20702.cif,-2.951449170250001
mp-510492.cif,-0.2101249694999993
mp-20999.cif,-0.947919384
mp-984356.cif,-1.051698792836207
mp-623448.cif,1.3020390544999998
mp-864911.cif,-2.9743933993362064
mp-998412.cif,-1.4165059315999995
mp-980537.cif,-1.6173354467500003
mp-980058.cif,-2.27258723075
mp-977455.cif,-2.8391614665833345
mp-27718.cif,-1.3610456305862066
mp-20990.cif,-0.8986989299999998
mp-862832.cif,-3.1757364979166667
mp-21035.cif,-0.6770697145
mp-546200.cif,-0.7375529039166672
mp-19025.cif,-2.9296255758362064
mp-568727.cif,-0.5276552734999995
mp-1247483.cif,-0.0543589389999994
mp-973877.cif,-2.238164525083333
mp-510624.cif,-2.2243332005833336
mp-3020.cif,-3.17951793725
mp-862870.cif,-1.912231474916667
mp-21043.cif,-2.746318915
mp-21022.cif,-0.9325428975
mp-8401.cif,-3.426002267086207
mp-973269.cif,-0.8545822425833329
mp-998432.cif,-2.3668397482500003
mp-23737.cif,-0.3573525116000002
mp-568544.cif,-1.8336132055862069
mp-560976.cif,-2.6417304601
mp-23729.cif,-0.152478067310345
mp-20796.cif,0.2556701945
mp-7006.cif,-3.1761196165833327
mp-624739.cif,2.9189886915
mp-984722.cif,-1.29304217775
mp-3105.cif,-0.6453409198333333
mp-984553.cif,-0.2251989970833335
mp-4448.cif,-0.4180685674999992
mp-975405.cif,-0.5249484207500004
mp-864636.cif,-2.5743198562500007
mp-27214.cif,-1.6137550945862067
mp-21058.cif,2.341481283741379
mp-5020.cif,-3.4930003639166665
mp-975386.cif,-2.28863281675
mp-19881.cif,-0.4938871395000007
mp-1503976.cif,-2.322576216583333
mp-4982.cif,-0.7348071148333346
mp-22542.cif,-0.5624922394999998
mp-2649045.cif,-1.5807907275862072
mp-977123.cif,-2.6444112232270123
mp-570290.cif,-1.412599722252874
mp-5777.cif,-3.4925271839166663
mp-975588.cif,-1.6183014732499983
mp-554465.cif,-2.491835549
mp-16297.cif,-0.7893433255000005
mp-975236.cif,-0.8896996907499997
mp-975308.cif,-2.3098103147500004
mp-19828.cif,0.2349102985000001
mp-998226.cif,-1.2613936648333333
mp-2464440.cif,-1.3928603899333332
mp-20029.cif,-2.573105988583334
mp-20159.cif,1.6155340144999997
mp-998745.cif,-2.3711268521666664
mp-985545.cif,-0.7397402775833342
mp-998623.cif,-2.2906739781666667
mp-998196.cif,-1.2511377095
mp-998601.cif,-2.5653103686
mp-570591.cif,-1.523901230586207
mp-982885.cif,-1.4758990978500002
mp-8074.cif,-2.3626570562500007
mp-613402.cif,-1.1457684525833336
mp-13108.cif,-3.780818810583333
mp-21244.cif,-0.3059809989999991
mp-3000.cif,-0.320626584499999
mp-1432347.cif,-2.218278750583333
mp-8037.cif,-3.692453227250001
mp-981313.cif,-2.2785834678499994
mp-971704.cif,-1.0395193730833328
mp-998147.cif,-1.0633776886666666
mp-19777.cif,0.0148440544999992
mp-975382.cif,-1.48476365875
mp-556424.cif,-3.0360117110000004
mp-8396.cif,-3.589625913086208
